-- MySQL dump 10.13  Distrib 8.0.31, for Win64 (x86_64)
--
-- Host: 127.0.0.1    Database: hr_shop
-- ------------------------------------------------------
-- Server version	8.0.31

/*!40101 SET @OLD_CHARACTER_SET_CLIENT=@@CHARACTER_SET_CLIENT */;
/*!40101 SET @OLD_CHARACTER_SET_RESULTS=@@CHARACTER_SET_RESULTS */;
/*!40101 SET @OLD_COLLATION_CONNECTION=@@COLLATION_CONNECTION */;
/*!50503 SET NAMES utf8 */;
/*!40103 SET @OLD_TIME_ZONE=@@TIME_ZONE */;
/*!40103 SET TIME_ZONE='+00:00' */;
/*!40014 SET @OLD_UNIQUE_CHECKS=@@UNIQUE_CHECKS, UNIQUE_CHECKS=0 */;
/*!40014 SET @OLD_FOREIGN_KEY_CHECKS=@@FOREIGN_KEY_CHECKS, FOREIGN_KEY_CHECKS=0 */;
/*!40101 SET @OLD_SQL_MODE=@@SQL_MODE, SQL_MODE='NO_AUTO_VALUE_ON_ZERO' */;
/*!40111 SET @OLD_SQL_NOTES=@@SQL_NOTES, SQL_NOTES=0 */;

--
-- Table structure for table `cart_items`
--

DROP TABLE IF EXISTS `cart_items`;
/*!40101 SET @saved_cs_client     = @@character_set_client */;
/*!50503 SET character_set_client = utf8mb4 */;
CREATE TABLE `cart_items` (
  `id` bigint unsigned NOT NULL AUTO_INCREMENT,
  `quantity` int unsigned NOT NULL,
  `cart_id` bigint unsigned NOT NULL,
  `product_option_id` bigint unsigned NOT NULL,
  `created_at` timestamp NULL DEFAULT NULL,
  `updated_at` timestamp NULL DEFAULT NULL,
  PRIMARY KEY (`id`)
) ENGINE=InnoDB AUTO_INCREMENT=58 DEFAULT CHARSET=utf8mb4 COLLATE=utf8mb4_unicode_ci;
/*!40101 SET character_set_client = @saved_cs_client */;

--
-- Dumping data for table `cart_items`
--

LOCK TABLES `cart_items` WRITE;
/*!40000 ALTER TABLE `cart_items` DISABLE KEYS */;
INSERT INTO `cart_items` VALUES (39,1,16,41,'2025-05-26 01:18:00','2025-05-26 01:18:00');
/*!40000 ALTER TABLE `cart_items` ENABLE KEYS */;
UNLOCK TABLES;

--
-- Table structure for table `carts`
--

DROP TABLE IF EXISTS `carts`;
/*!40101 SET @saved_cs_client     = @@character_set_client */;
/*!50503 SET character_set_client = utf8mb4 */;
CREATE TABLE `carts` (
  `id` bigint unsigned NOT NULL AUTO_INCREMENT,
  `cart_type` int unsigned NOT NULL,
  `user_id` bigint unsigned NOT NULL,
  `created_at` timestamp NULL DEFAULT NULL,
  `updated_at` timestamp NULL DEFAULT NULL,
  PRIMARY KEY (`id`)
) ENGINE=InnoDB AUTO_INCREMENT=20 DEFAULT CHARSET=utf8mb4 COLLATE=utf8mb4_unicode_ci;
/*!40101 SET character_set_client = @saved_cs_client */;

--
-- Dumping data for table `carts`
--

LOCK TABLES `carts` WRITE;
/*!40000 ALTER TABLE `carts` DISABLE KEYS */;
INSERT INTO `carts` VALUES (16,0,1,'2025-03-24 01:37:26','2025-03-24 01:37:26'),(17,0,10,'2025-06-04 01:23:51','2025-06-04 01:23:51'),(18,0,11,'2025-06-04 01:30:11','2025-06-04 01:30:11'),(19,0,25,'2025-06-13 00:34:46','2025-06-13 00:34:46');
/*!40000 ALTER TABLE `carts` ENABLE KEYS */;
UNLOCK TABLES;

--
-- Table structure for table `categories`
--

DROP TABLE IF EXISTS `categories`;
/*!40101 SET @saved_cs_client     = @@character_set_client */;
/*!50503 SET character_set_client = utf8mb4 */;
CREATE TABLE `categories` (
  `id` bigint unsigned NOT NULL AUTO_INCREMENT,
  `name` varchar(255) COLLATE utf8mb4_unicode_ci NOT NULL,
  `search_key` varchar(255) COLLATE utf8mb4_unicode_ci NOT NULL,
  `order_index` int unsigned NOT NULL,
  `show_in_list` tinyint(1) NOT NULL,
  `created_at` timestamp NULL DEFAULT NULL,
  `updated_at` timestamp NULL DEFAULT NULL,
  PRIMARY KEY (`id`)
) ENGINE=InnoDB AUTO_INCREMENT=26 DEFAULT CHARSET=utf8mb4 COLLATE=utf8mb4_unicode_ci;
/*!40101 SET character_set_client = @saved_cs_client */;

--
-- Dumping data for table `categories`
--

LOCK TABLES `categories` WRITE;
/*!40000 ALTER TABLE `categories` DISABLE KEYS */;
INSERT INTO `categories` VALUES (7,'相機 / 攝影器材','test_key5',2,1,'2024-09-30 01:55:10','2025-03-04 01:25:38'),(8,'耳機','test_key1',1,1,'2024-10-01 00:29:35','2025-02-01 05:21:03'),(9,'喇叭 / 音響','test_key2',4,1,'2024-10-01 00:29:53','2025-02-01 05:21:03');
/*!40000 ALTER TABLE `categories` ENABLE KEYS */;
UNLOCK TABLES;

--
-- Table structure for table `migrations`
--

DROP TABLE IF EXISTS `migrations`;
/*!40101 SET @saved_cs_client     = @@character_set_client */;
/*!50503 SET character_set_client = utf8mb4 */;
CREATE TABLE `migrations` (
  `id` int unsigned NOT NULL AUTO_INCREMENT,
  `migration` varchar(255) COLLATE utf8mb4_unicode_ci NOT NULL,
  `batch` int NOT NULL,
  PRIMARY KEY (`id`)
) ENGINE=InnoDB AUTO_INCREMENT=102 DEFAULT CHARSET=utf8mb4 COLLATE=utf8mb4_unicode_ci;
/*!40101 SET character_set_client = @saved_cs_client */;

--
-- Dumping data for table `migrations`
--

LOCK TABLES `migrations` WRITE;
/*!40000 ALTER TABLE `migrations` DISABLE KEYS */;
INSERT INTO `migrations` VALUES (1,'2019_12_14_000001_create_personal_access_tokens_table',1),(2,'2024_09_27_065919_create_users_table',1),(3,'2024_09_27_070102_create_categories_table',1),(4,'2024_09_27_070120_create_subcategories_table',1),(5,'2024_09_27_070200_create_carts_table',1),(6,'2024_09_27_070304_create_cart_items_table',1),(64,'2024_09_27_070342_create_orders_table',2),(65,'2024_09_27_070400_create_order_items_table',2),(66,'2024_09_27_070504_create_stores_table',2),(67,'2024_09_27_070518_create_news_table',2),(68,'2024_09_27_070542_create_products_table',2),(69,'2024_09_27_070605_create_product_options_table',2),(70,'2024_11_12_085134_create_product_images_table',2),(74,'2024_11_12_092103_create_product_descriptions_table',3),(75,'2024_11_13_083803_create_product_option_images_table',3),(76,'2024_11_14_092009_add_order_and_is_combination_to_product_images_table',4),(77,'2024_12_03_094916_add_unique_constraint_to_subcategories_table',5),(78,'2025_03_07_074030_add_slug_to_products_table',6),(81,'2025_03_17_083323_add_description_and_special_fields_to_products_table',7),(83,'2025_03_28_033821_add_contact_fields_to_users_table',8),(84,'2025_03_31_072452_add_note_fields_to_orders_table',9),(85,'2025_04_07_074406_add_payment_methods_to_orders_table',10),(89,'2025_04_08_075905_create_returns_table',11),(93,'2025_04_08_075942_create_return_items_table',12),(94,'2025_04_08_080346_add_quantity_to_product_options_table',12),(95,'2025_04_21_064913_add_recipient_to_orders_table',13),(96,'2025_04_24_091125_alter_amount_column_type_in_orders_table',14),(99,'2025_05_27_092843_add_socialite_fields_to_users_table',15),(100,'2025_05_30_083227_create_password_reset_tokens_table',16),(101,'2025_06_21_071314_add_payment_and_fulfilment_status_to_orders',17);
/*!40000 ALTER TABLE `migrations` ENABLE KEYS */;
UNLOCK TABLES;

--
-- Table structure for table `news`
--

DROP TABLE IF EXISTS `news`;
/*!40101 SET @saved_cs_client     = @@character_set_client */;
/*!50503 SET character_set_client = utf8mb4 */;
CREATE TABLE `news` (
  `id` bigint unsigned NOT NULL AUTO_INCREMENT,
  `title` varchar(255) CHARACTER SET utf8mb4 COLLATE utf8mb4_unicode_ci NOT NULL,
  `date` varchar(255) CHARACTER SET utf8mb4 COLLATE utf8mb4_unicode_ci DEFAULT NULL,
  `image` varchar(255) CHARACTER SET utf8mb4 COLLATE utf8mb4_unicode_ci DEFAULT NULL,
  `description` text CHARACTER SET utf8mb4 COLLATE utf8mb4_unicode_ci,
  `is_enabled` tinyint(1) NOT NULL DEFAULT '1',
  `news_type` tinyint unsigned NOT NULL,
  `created_at` timestamp NULL DEFAULT NULL,
  `updated_at` timestamp NULL DEFAULT NULL,
  PRIMARY KEY (`id`)
) ENGINE=InnoDB AUTO_INCREMENT=12 DEFAULT CHARSET=utf8mb4 COLLATE=utf8mb4_unicode_ci;
/*!40101 SET character_set_client = @saved_cs_client */;

--
-- Dumping data for table `news`
--

LOCK TABLES `news` WRITE;
/*!40000 ALTER TABLE `news` DISABLE KEYS */;
INSERT INTO `news` VALUES (1,'猛毒 最終章 最後一舞 ','2024.10.15','/storage/sony/news/VENOM_241015to1201_232d93325.jpg',NULL,1,1,NULL,NULL),(2,'BRAVIA 最高降1萬元 入手超優惠 ','2024.10.09','/storage/sony/news/202401BRAVIA_680x440_627ad3451.jpg',NULL,1,1,NULL,NULL),(3,'聲色有型 風格隨行 ','2024.10.08','/storage/sony/news/MDR_241008to1201_215b03541.jpg',NULL,1,1,NULL,NULL),(4,'Sony 感恩回饋購物慶 ','2024.10.01','/storage/sony/news/Direct_241001to1130_f4fc14854.jpg',NULL,1,1,NULL,NULL),(5,'秋季之美 捕捉精彩瞬間 ','2024.10.01','/storage/sony/news/DI_2024_autumn_8073f0747.jpg',NULL,1,1,NULL,NULL),(6,'BRAVIA 好視成雙 ','2024.10.01','/storage/sony/news/Direct_home_241001to1231_30d004741.jpg',NULL,1,1,NULL,NULL),(7,'PS5 Pro & PlayStation 30 週年系列商品登記抽購買活動','2024.10.04','/storage/sony/news/Sony_logo_a0d0e4731.jpg','客服人員已於 2024年09月30日下午 16：30 透過「客服信件」 (info-tw@sony.com ) 通知，',1,2,NULL,NULL),(8,'花蓮地區配送不保證到貨日期','2024.09.01','/storage/sony/news/Sony_logo_a0d0e4731.jpg','親愛的顧客您好：',1,2,NULL,NULL),(9,'「2024 可攜式無線藍牙喇叭型錄資訊更正」啟事','2024.08.29','/storage/sony/news/Sony_logo_a0d0e4731.jpg','本年度發行之「2024 可攜式無線藍牙喇叭」型錄',1,2,NULL,NULL),(10,'反詐騙聲明，一頁式購物詐騙網站，提醒切勿受騙','2024.05.07','/storage/sony/news/Sony_logo_a0d0e4731.jpg','近來詐騙猖獗，行騙手法也不斷更新，提醒您：近日網路上出現有關 Sony 耳機產品一頁式購物詐騙網站，盜用百貨商標及 Sony 官網商品資訊等，並以限量體驗為促銷理由，企圖混淆消費者於一頁式購物網站下單，進行詐騙。',1,2,NULL,NULL);
/*!40000 ALTER TABLE `news` ENABLE KEYS */;
UNLOCK TABLES;

--
-- Table structure for table `order_items`
--

DROP TABLE IF EXISTS `order_items`;
/*!40101 SET @saved_cs_client     = @@character_set_client */;
/*!50503 SET character_set_client = utf8mb4 */;
CREATE TABLE `order_items` (
  `id` bigint unsigned NOT NULL AUTO_INCREMENT,
  `name` varchar(255) COLLATE utf8mb4_unicode_ci NOT NULL,
  `price` int unsigned NOT NULL,
  `quantity` int unsigned NOT NULL,
  `image` varchar(255) COLLATE utf8mb4_unicode_ci DEFAULT NULL,
  `order_id` bigint unsigned NOT NULL,
  `product_option_id` bigint unsigned NOT NULL,
  `created_at` timestamp NULL DEFAULT NULL,
  `updated_at` timestamp NULL DEFAULT NULL,
  PRIMARY KEY (`id`)
) ENGINE=InnoDB AUTO_INCREMENT=49 DEFAULT CHARSET=utf8mb4 COLLATE=utf8mb4_unicode_ci;
/*!40101 SET character_set_client = @saved_cs_client */;

--
-- Dumping data for table `order_items`
--

LOCK TABLES `order_items` WRITE;
/*!40000 ALTER TABLE `order_items` DISABLE KEYS */;
/*!40000 ALTER TABLE `order_items` ENABLE KEYS */;
UNLOCK TABLES;

--
-- Table structure for table `orders`
--

DROP TABLE IF EXISTS `orders`;
/*!40101 SET @saved_cs_client     = @@character_set_client */;
/*!50503 SET character_set_client = utf8mb4 */;
CREATE TABLE `orders` (
  `id` bigint unsigned NOT NULL AUTO_INCREMENT,
  `order_number` varchar(255) COLLATE utf8mb4_unicode_ci NOT NULL,
  `payment_order_number` varchar(255) COLLATE utf8mb4_unicode_ci NOT NULL,
  `order_status` int unsigned NOT NULL,
  `payment_method` varchar(255) COLLATE utf8mb4_unicode_ci DEFAULT NULL,
  `amount` decimal(10,2) NOT NULL,
  `address` varchar(255) COLLATE utf8mb4_unicode_ci NOT NULL,
  `user_id` bigint unsigned NOT NULL,
  `recipient_name` varchar(255) COLLATE utf8mb4_unicode_ci DEFAULT NULL,
  `recipient_phone` varchar(255) COLLATE utf8mb4_unicode_ci DEFAULT NULL,
  `created_at` timestamp NULL DEFAULT NULL,
  `updated_at` timestamp NULL DEFAULT NULL,
  `note` text COLLATE utf8mb4_unicode_ci COMMENT '訂單備註',
  `payment_status` varchar(255) COLLATE utf8mb4_unicode_ci NOT NULL DEFAULT 'pending' COMMENT '付款狀態：pending/paid/refunded',
  `fulfilment_status` varchar(255) COLLATE utf8mb4_unicode_ci NOT NULL DEFAULT 'pending' COMMENT '物流狀態：pending/shipped/delivered/cancelled/returned',
  PRIMARY KEY (`id`)
) ENGINE=InnoDB AUTO_INCREMENT=41 DEFAULT CHARSET=utf8mb4 COLLATE=utf8mb4_unicode_ci;
/*!40101 SET character_set_client = @saved_cs_client */;

--
-- Dumping data for table `orders`
--

LOCK TABLES `orders` WRITE;
/*!40000 ALTER TABLE `orders` DISABLE KEYS */;
/*!40000 ALTER TABLE `orders` ENABLE KEYS */;
UNLOCK TABLES;

--
-- Table structure for table `password_reset_tokens`
--

DROP TABLE IF EXISTS `password_reset_tokens`;
/*!40101 SET @saved_cs_client     = @@character_set_client */;
/*!50503 SET character_set_client = utf8mb4 */;
CREATE TABLE `password_reset_tokens` (
  `id` bigint unsigned NOT NULL AUTO_INCREMENT,
  `email` varchar(255) COLLATE utf8mb4_unicode_ci NOT NULL,
  `token` varchar(255) COLLATE utf8mb4_unicode_ci NOT NULL,
  `created_at` timestamp NULL DEFAULT NULL,
  `updated_at` timestamp NULL DEFAULT NULL,
  PRIMARY KEY (`id`),
  KEY `password_reset_tokens_email_index` (`email`)
) ENGINE=InnoDB AUTO_INCREMENT=49 DEFAULT CHARSET=utf8mb4 COLLATE=utf8mb4_unicode_ci;
/*!40101 SET character_set_client = @saved_cs_client */;

--
-- Dumping data for table `password_reset_tokens`
--

LOCK TABLES `password_reset_tokens` WRITE;
/*!40000 ALTER TABLE `password_reset_tokens` DISABLE KEYS */;
/*!40000 ALTER TABLE `password_reset_tokens` ENABLE KEYS */;
UNLOCK TABLES;

--
-- Table structure for table `personal_access_tokens`
--

DROP TABLE IF EXISTS `personal_access_tokens`;
/*!40101 SET @saved_cs_client     = @@character_set_client */;
/*!50503 SET character_set_client = utf8mb4 */;
CREATE TABLE `personal_access_tokens` (
  `id` bigint unsigned NOT NULL AUTO_INCREMENT,
  `tokenable_type` varchar(255) COLLATE utf8mb4_unicode_ci NOT NULL,
  `tokenable_id` bigint unsigned NOT NULL,
  `name` varchar(255) COLLATE utf8mb4_unicode_ci NOT NULL,
  `token` varchar(64) COLLATE utf8mb4_unicode_ci NOT NULL,
  `abilities` text COLLATE utf8mb4_unicode_ci,
  `last_used_at` timestamp NULL DEFAULT NULL,
  `expires_at` timestamp NULL DEFAULT NULL,
  `created_at` timestamp NULL DEFAULT NULL,
  `updated_at` timestamp NULL DEFAULT NULL,
  PRIMARY KEY (`id`),
  UNIQUE KEY `personal_access_tokens_token_unique` (`token`),
  KEY `personal_access_tokens_tokenable_type_tokenable_id_index` (`tokenable_type`,`tokenable_id`)
) ENGINE=InnoDB AUTO_INCREMENT=2 DEFAULT CHARSET=utf8mb4 COLLATE=utf8mb4_unicode_ci;
/*!40101 SET character_set_client = @saved_cs_client */;

--
-- Dumping data for table `personal_access_tokens`
--

LOCK TABLES `personal_access_tokens` WRITE;
/*!40000 ALTER TABLE `personal_access_tokens` DISABLE KEYS */;
INSERT INTO `personal_access_tokens` VALUES (1,'App\\Models\\User',1,'TestToken','7f0152a100282aaf5a166b0ed5e1de6856191628e3b862dc449ad8a7dce74262','[\"*\"]','2024-10-18 01:20:21',NULL,'2024-10-18 01:02:10','2024-10-18 01:20:21');
/*!40000 ALTER TABLE `personal_access_tokens` ENABLE KEYS */;
UNLOCK TABLES;

--
-- Table structure for table `product_descriptions`
--

DROP TABLE IF EXISTS `product_descriptions`;
/*!40101 SET @saved_cs_client     = @@character_set_client */;
/*!50503 SET character_set_client = utf8mb4 */;
CREATE TABLE `product_descriptions` (
  `id` bigint unsigned NOT NULL AUTO_INCREMENT,
  `product_id` bigint unsigned NOT NULL,
  `description` text COLLATE utf8mb4_unicode_ci,
  `type` tinyint unsigned NOT NULL,
  `order` int unsigned NOT NULL,
  `link_text` varchar(255) COLLATE utf8mb4_unicode_ci DEFAULT NULL,
  `link_url` varchar(255) COLLATE utf8mb4_unicode_ci DEFAULT NULL,
  `promo_start_date` date DEFAULT NULL,
  `promo_end_date` date DEFAULT NULL,
  `created_at` timestamp NULL DEFAULT NULL,
  `updated_at` timestamp NULL DEFAULT NULL,
  PRIMARY KEY (`id`)
) ENGINE=InnoDB AUTO_INCREMENT=4 DEFAULT CHARSET=utf8mb4 COLLATE=utf8mb4_unicode_ci;
/*!40101 SET character_set_client = @saved_cs_client */;

--
-- Dumping data for table `product_descriptions`
--

LOCK TABLES `product_descriptions` WRITE;
/*!40000 ALTER TABLE `product_descriptions` DISABLE KEYS */;
INSERT INTO `product_descriptions` VALUES (1,1,'這個耳機很好用',0,1,NULL,NULL,NULL,NULL,NULL,NULL),(2,1,'他的顏色很還原',0,2,NULL,NULL,NULL,NULL,NULL,NULL),(3,1,'由其是粉紅色的，超可愛',0,3,NULL,NULL,NULL,NULL,NULL,NULL);
/*!40000 ALTER TABLE `product_descriptions` ENABLE KEYS */;
UNLOCK TABLES;

--
-- Table structure for table `product_images`
--

DROP TABLE IF EXISTS `product_images`;
/*!40101 SET @saved_cs_client     = @@character_set_client */;
/*!50503 SET character_set_client = utf8mb4 */;
CREATE TABLE `product_images` (
  `id` bigint unsigned NOT NULL AUTO_INCREMENT,
  `product_id` bigint unsigned NOT NULL,
  `image` varchar(255) COLLATE utf8mb4_unicode_ci DEFAULT NULL,
  `alt_text` varchar(255) COLLATE utf8mb4_unicode_ci DEFAULT NULL,
  `created_at` timestamp NULL DEFAULT NULL,
  `updated_at` timestamp NULL DEFAULT NULL,
  `order` int unsigned NOT NULL,
  `is_combination` tinyint(1) NOT NULL,
  PRIMARY KEY (`id`)
) ENGINE=InnoDB AUTO_INCREMENT=397 DEFAULT CHARSET=utf8mb4 COLLATE=utf8mb4_unicode_ci;
/*!40101 SET character_set_client = @saved_cs_client */;

--
-- Dumping data for table `product_images`
--

LOCK TABLES `product_images` WRITE;
/*!40000 ALTER TABLE `product_images` DISABLE KEYS */;
INSERT INTO `product_images` VALUES (9,2,'/storage/product_options/225978216_cups02.jpg','qqwwee','2024-12-04 00:46:05','2024-12-04 00:46:05',1,0),(14,2,'/storage/product_options/250196440_cups11.jpg','ffffff','2024-12-04 02:58:29','2024-12-04 02:58:29',2,0),(27,2,'/storage/product_options/1829863460_cups10.jpg','222','2025-02-16 22:34:31','2025-02-20 23:26:06',8,0),(45,1,'/storage/product_options/1214301767_cups05.jpg',NULL,'2025-02-20 01:25:15','2025-02-20 01:25:15',1,0),(52,2,'/storage/product_options/1789885696_pents10.jpg','545','2025-02-24 23:16:37','2025-02-24 23:16:46',15,0),(64,2,'/storage/product_options/1069474698_rws_tarot_04_emperor.jpg',NULL,'2025-02-26 01:01:46','2025-02-26 01:01:46',16,0),(65,2,'/storage/product_options/230466544_rws_tarot_05_hierophant.jpg',NULL,'2025-02-26 01:01:46','2025-02-26 01:01:46',17,0),(67,2,'/storage/product_options/1709248454_pents12.jpg','1231','2025-02-27 01:17:18','2025-05-01 02:44:43',18,1),(72,2,'/storage/product_options/169531000_cups04.jpg','87877','2025-02-27 02:17:20','2025-03-02 22:06:18',20,0),(97,2,'/storage/product_options/1445396962_cups13.jpg','sds','2025-05-01 02:45:30','2025-05-01 02:46:20',23,0),(106,2,'/storage/product_options/1540704336_pents02.jpg','87','2025-05-01 02:52:49','2025-05-03 20:22:05',27,0),(107,2,'/storage/product_options/1191267178_rws_tarot_05_hierophant.jpg',NULL,'2025-05-03 20:22:24','2025-05-03 20:22:24',28,0),(108,2,'/storage/product_options/1142021470_cups04.jpg',NULL,'2025-05-04 23:51:07','2025-05-04 23:51:07',29,0),(109,2,'/storage/product_options/166465267_cups05.jpg',NULL,'2025-05-04 23:51:07','2025-05-04 23:51:07',30,0),(110,2,'/storage/product_options/1298674116_cups06.jpg',NULL,'2025-05-04 23:51:07','2025-05-04 23:51:07',31,0),(111,2,'/storage/product_options/1230429569_cups07.jpg',NULL,'2025-05-04 23:51:07','2025-05-04 23:51:07',32,0),(112,2,'/storage/product_options/173512741_cups08.jpg',NULL,'2025-05-04 23:51:07','2025-05-04 23:51:07',33,0),(113,2,'/storage/product_options/953886952_cups13.jpg',NULL,'2025-05-05 01:49:48','2025-05-05 01:49:48',34,0),(114,2,'/storage/product_options/1344555423_rws_tarot_07_chariot.jpg',NULL,'2025-05-05 01:50:02','2025-05-05 01:50:02',35,1),(115,2,'/storage/product_options/2106604494_pents01.jpg',NULL,'2025-05-05 01:52:24','2025-05-05 01:52:24',36,0),(118,2,'/storage/product_options/344066575_rws_tarot_03_empress.jpg',NULL,'2025-05-05 01:52:24','2025-05-05 01:52:24',39,0),(119,2,'/storage/product_options/489199242_rws_tarot_04_emperor.jpg',NULL,'2025-05-05 01:52:24','2025-05-05 01:52:24',40,0),(125,12,'/storage/product_options/1361916440_04_60df94018.jpg',NULL,'2025-06-25 00:38:34','2025-06-25 00:38:34',1,0),(126,12,'/storage/product_options/1748508886_05_40dfa4119.jpg',NULL,'2025-06-25 00:38:34','2025-06-25 00:38:34',2,0),(127,12,'/storage/product_options/708218973_06_30dfb4332.jpg',NULL,'2025-06-25 00:38:34','2025-06-25 00:38:34',3,0),(128,12,'/storage/product_options/203136690_01_50df63716.jpg',NULL,'2025-06-25 00:38:34','2025-06-25 00:38:34',4,0),(129,12,'/storage/product_options/2126561856_02_30df53619.jpg',NULL,'2025-06-25 00:38:34','2025-06-25 00:38:34',5,0),(134,13,'/storage/product_options/692058569_01-01_e1ba01102.jpg',NULL,'2025-06-25 21:40:37','2025-06-25 21:40:37',5,0),(135,13,'/storage/product_options/1476501084_02-01_21ba11119.jpg',NULL,'2025-06-25 21:41:00','2025-06-25 21:41:00',6,0),(136,13,'/storage/product_options/753163191_03-01_41ba21203.jpg',NULL,'2025-06-25 21:41:00','2025-06-25 21:41:00',7,0),(137,13,'/storage/product_options/860573452_04-01_21ba31222.jpg',NULL,'2025-06-25 21:41:00','2025-06-25 21:41:00',8,0),(138,13,'/storage/product_options/709196720_05001_81ba41414.jpg',NULL,'2025-06-25 21:41:00','2025-06-25 21:41:00',9,0),(139,14,'/storage/product_options/129528662_23_b69f42846.jpg',NULL,'2025-06-25 21:57:40','2025-06-25 21:57:40',1,0),(141,14,'/storage/product_options/1797806466_21_e69f73401.jpg',NULL,'2025-06-25 21:57:40','2025-06-25 21:57:40',3,0),(142,14,'/storage/product_options/397090069_22_669f53101.jpg',NULL,'2025-06-25 21:57:40','2025-06-25 21:57:40',4,0),(143,14,'/storage/product_options/1877538064_24_869f63225.jpg',NULL,'2025-06-25 21:57:40','2025-06-25 21:57:40',5,0),(144,14,'/storage/product_options/91410150_25_b69f83453.jpg',NULL,'2025-06-25 21:57:40','2025-06-25 21:57:40',6,0),(145,14,'/storage/product_options/1098211997_09_a0d194723.jpg',NULL,'2025-06-25 21:57:51','2025-06-25 21:57:51',7,0),(146,15,'/storage/product_options/1714108502_14_c699e3151.jpg',NULL,'2025-06-25 22:09:09','2025-06-25 22:09:09',1,0),(147,15,'/storage/product_options/330469374_16.jpg',NULL,'2025-06-25 22:09:09','2025-06-25 22:09:09',2,0),(148,15,'/storage/product_options/2015383840_18_469c50307.jpg',NULL,'2025-06-25 22:09:09','2025-06-25 22:09:09',3,0),(149,15,'/storage/product_options/87691593_19_e69e51752.jpg',NULL,'2025-06-25 22:09:09','2025-06-25 22:09:09',4,0),(150,15,'/storage/product_options/1175787827_13_c699f4832.jpg',NULL,'2025-06-25 22:09:09','2025-06-25 22:09:09',5,0),(151,15,'/storage/product_options/297480683_17_f69c60444.jpg',NULL,'2025-06-25 22:09:09','2025-06-25 22:09:09',6,0),(152,15,'/storage/product_options/1535654630_20_969e61825.jpg',NULL,'2025-06-25 22:09:09','2025-06-25 22:09:09',7,0),(153,15,'/storage/product_options/201403287_47_c699b2753.jpg',NULL,'2025-06-25 22:10:35','2025-06-25 22:10:35',8,1),(154,16,'/storage/product_options/594830017_01_80d133518.jpg',NULL,'2025-06-25 22:30:48','2025-06-25 22:30:48',1,0),(155,16,'/storage/product_options/2102929414_03_80d153801.jpg',NULL,'2025-06-25 22:30:48','2025-06-25 22:30:48',2,0),(156,16,'/storage/product_options/1018678882_05_b0d174215.jpg',NULL,'2025-06-25 22:30:48','2025-06-25 22:30:48',3,0),(157,16,'/storage/product_options/1096836615_02_10d143632.jpg',NULL,'2025-06-25 22:30:48','2025-06-25 22:30:48',4,0),(158,16,'/storage/product_options/1680060877_04_20d163815.jpg',NULL,'2025-06-25 22:30:48','2025-06-25 22:30:48',5,0),(159,16,'/storage/product_options/1605758468_06_80d184231.jpg',NULL,'2025-06-25 22:30:48','2025-06-25 22:30:48',6,0),(160,16,'/storage/product_options/1754240252_26_80d123331.jpg',NULL,'2025-06-25 22:30:48','2025-06-25 22:30:48',7,1),(161,31,'/storage/product_options/1198461348_01_306c55712.jpg',NULL,'2025-06-25 22:40:35','2025-06-25 22:40:35',1,0),(162,31,'/storage/product_options/769298143_02_c06c65728.jpg',NULL,'2025-06-25 22:40:36','2025-06-25 22:40:36',2,0),(163,31,'/storage/product_options/1780621362_03_806c75821.jpg',NULL,'2025-06-25 22:40:36','2025-06-25 22:40:36',3,0),(164,31,'/storage/product_options/277994357_04_806c85853.jpg',NULL,'2025-06-25 22:40:36','2025-06-25 22:40:36',4,0),(165,31,'/storage/product_options/1478145536_06_606c95921.jpg',NULL,'2025-06-25 22:40:36','2025-06-25 22:40:36',5,0),(166,31,'/storage/product_options/923909582_07_106ca0011.jpg',NULL,'2025-06-25 22:40:36','2025-06-25 22:40:36',6,0),(167,31,'/storage/product_options/1343725629_08_d06cb0055.jpg',NULL,'2025-06-25 22:40:36','2025-06-25 22:40:36',7,0),(168,32,'/storage/product_options/198286069_09_c37f75435.jpg',NULL,'2025-06-25 23:31:32','2025-06-25 23:31:32',1,0),(169,32,'/storage/product_options/1201618604_03.jpg',NULL,'2025-06-25 23:31:32','2025-06-25 23:31:32',2,0),(170,32,'/storage/product_options/1093342195_04_d37f95527.jpg',NULL,'2025-06-25 23:31:47','2025-06-25 23:31:47',3,0),(171,32,'/storage/product_options/609221615_05_937f85504.jpg',NULL,'2025-06-25 23:31:47','2025-06-25 23:31:47',4,0),(172,32,'/storage/product_options/1646377661_06_137fa5547.jpg',NULL,'2025-06-25 23:31:47','2025-06-25 23:31:47',5,0),(173,32,'/storage/product_options/1030801537_07_c37fb5621.jpg',NULL,'2025-06-25 23:31:47','2025-06-25 23:31:47',6,0),(174,34,'/storage/product_options/270920957_05_504215741.jpg',NULL,'2025-06-26 00:24:23','2025-06-26 00:24:23',1,0),(175,34,'/storage/product_options/907962134_06_604205653.jpg',NULL,'2025-06-26 00:24:23','2025-06-26 00:24:23',2,0),(176,34,'/storage/product_options/377200207_07_d04225840.jpg',NULL,'2025-06-26 00:24:23','2025-06-26 00:24:23',3,0),(177,34,'/storage/product_options/1506912650_09_a04235921.jpg',NULL,'2025-06-26 00:24:23','2025-06-26 00:24:23',4,0),(178,34,'/storage/product_options/642221086_10_304240344.jpg',NULL,'2025-06-26 00:24:23','2025-06-26 00:24:23',5,0),(180,34,'/storage/product_options/535824386_51_42b454908.jpg',NULL,'2025-06-26 00:24:23','2025-06-26 00:24:23',7,0),(181,34,'/storage/product_options/1952632935_52_d2b464951.jpg',NULL,'2025-06-26 00:24:55','2025-06-26 00:24:55',8,0),(182,35,'/storage/product_options/1455951536_01_e229d1324.jpg',NULL,'2025-06-26 00:28:35','2025-06-26 00:28:35',1,0),(183,35,'/storage/product_options/1123588055_03_61b611342.jpg',NULL,'2025-06-26 00:28:35','2025-06-26 00:28:35',2,0),(184,35,'/storage/product_options/735638993_03_b229e1337.jpg',NULL,'2025-06-26 00:28:35','2025-06-26 00:28:35',3,0),(185,35,'/storage/product_options/13474785_05_01b601249.jpg',NULL,'2025-06-26 00:28:35','2025-06-26 00:28:35',4,0),(186,35,'/storage/product_options/483862435_07_41b621600.jpg',NULL,'2025-06-26 00:28:35','2025-06-26 00:28:35',5,0),(187,35,'/storage/product_options/948556869_09_41b631743.jpg',NULL,'2025-06-26 00:28:35','2025-06-26 00:28:35',6,0),(188,37,'/storage/product_options/2044646902_01_d0cce.jpg',NULL,'2025-06-26 00:34:31','2025-06-26 00:34:31',1,0),(189,37,'/storage/product_options/184043789_02_80cd1.jpg',NULL,'2025-06-26 00:34:31','2025-06-26 00:34:31',2,0),(190,37,'/storage/product_options/1483683907_03_d0d0a.jpg',NULL,'2025-06-26 00:34:31','2025-06-26 00:34:31',3,0),(191,37,'/storage/product_options/1201589888_04_70d0e.jpg',NULL,'2025-06-26 00:34:31','2025-06-26 00:34:31',4,0),(192,38,'/storage/product_options/321091253_93_50065.jpg',NULL,'2025-06-26 00:38:40','2025-06-30 05:41:33',5,0),(193,38,'/storage/product_options/116183237_94_e0064.jpg',NULL,'2025-06-26 00:38:40','2025-06-30 05:41:33',3,0),(194,38,'/storage/product_options/656150782_96_70062.jpg',NULL,'2025-06-26 00:38:40','2025-06-30 05:41:33',4,0),(195,38,'/storage/product_options/1949709519_CX79900_front-Large_0004e.jpg',NULL,'2025-06-26 00:38:40','2025-06-26 00:38:40',1,0),(196,38,'/storage/product_options/236619600_CX79900_rear-Large_90051.jpg',NULL,'2025-06-26 00:38:40','2025-06-30 05:41:33',2,0),(197,39,'/storage/product_options/1479269621_01_201301747.jpg',NULL,'2025-06-26 00:49:27','2025-06-26 00:49:27',1,0),(198,39,'/storage/product_options/112500761_02_b01322356.jpg',NULL,'2025-06-26 00:49:27','2025-06-26 00:49:27',2,0),(199,39,'/storage/product_options/65810255_03_f01342522.jpg',NULL,'2025-06-26 00:49:27','2025-06-26 00:49:27',3,0),(200,39,'/storage/product_options/1086432765_04_401352534.jpg',NULL,'2025-06-26 00:49:27','2025-06-26 00:49:27',4,0),(201,39,'/storage/product_options/2012148030_05_701332443.jpg',NULL,'2025-06-26 00:49:27','2025-06-26 00:49:27',5,0),(202,39,'/storage/product_options/18262841_06_c01362610.jpg',NULL,'2025-06-26 00:49:27','2025-06-26 00:49:27',6,0),(203,39,'/storage/product_options/625405037_07_101372724.jpg',NULL,'2025-06-26 00:49:27','2025-06-26 00:49:27',7,0),(204,39,'/storage/product_options/485020884_09_b01392916.jpg',NULL,'2025-06-26 00:49:27','2025-06-26 00:49:27',8,0),(205,36,'/storage/product_options/283512839_CX62600_front_silver_300b9.jpg',NULL,'2025-06-26 00:52:02','2025-06-26 00:52:02',1,0),(206,36,'/storage/product_options/71511382_ILCE-6400-B_100ff.jpg',NULL,'2025-06-26 00:52:02','2025-06-26 00:52:02',2,0),(207,36,'/storage/product_options/1728626405_CX62600_leftside_black_f00b7.jpg',NULL,'2025-06-26 00:52:02','2025-06-26 00:52:02',3,0),(208,36,'/storage/product_options/85671788_CX62600_rightside_black_600b6.jpg',NULL,'2025-06-26 00:52:02','2025-06-26 00:52:02',4,0),(209,36,'/storage/product_options/155277945_CX62600_self_black_100b2.jpg',NULL,'2025-06-26 00:52:02','2025-06-26 00:52:02',5,0),(210,36,'/storage/product_options/1760481849_CX62600_tilt_low_600ba.jpg',NULL,'2025-06-26 00:52:02','2025-06-26 00:52:02',6,0),(211,36,'/storage/product_options/2089515291_CX62600_top_black_d00b5.jpg',NULL,'2025-06-26 00:52:02','2025-06-26 00:52:02',7,0),(212,40,'/storage/product_options/311898353_01_d02134505.jpg',NULL,'2025-06-26 00:55:32','2025-06-26 00:55:32',1,0),(213,40,'/storage/product_options/749783833_02_902144621.jpg',NULL,'2025-06-26 00:55:32','2025-06-26 00:55:32',2,0),(214,40,'/storage/product_options/2093123428_03_602154715.jpg',NULL,'2025-06-26 00:55:32','2025-06-26 00:55:32',3,0),(215,40,'/storage/product_options/96318160_04_a021f1505.jpg',NULL,'2025-06-26 00:55:32','2025-06-26 00:55:32',4,0),(216,40,'/storage/product_options/426013772_05_a02201543.jpg',NULL,'2025-06-26 00:55:32','2025-06-26 00:55:32',5,0),(217,40,'/storage/product_options/888805054_06_202211614.jpg',NULL,'2025-06-26 00:55:32','2025-06-26 00:55:32',6,0),(218,40,'/storage/product_options/1931468896_07_d02221650.jpg',NULL,'2025-06-26 00:55:32','2025-06-26 00:55:32',7,0),(219,41,'/storage/product_options/869612883_01_80ab93102.jpg',NULL,'2025-06-26 00:58:43','2025-06-26 00:58:43',1,0),(220,41,'/storage/product_options/72513820_02_d0aba3348.jpg',NULL,'2025-06-26 00:58:43','2025-06-26 00:58:43',2,0),(221,41,'/storage/product_options/2098642053_03_f0abb3504.jpg',NULL,'2025-06-26 00:58:43','2025-06-26 00:58:43',3,0),(222,41,'/storage/product_options/616694258_04_10abc3555.jpg',NULL,'2025-06-26 00:58:43','2025-06-26 00:58:43',4,0),(223,41,'/storage/product_options/366546013_06_20abe3734.jpg',NULL,'2025-06-26 00:58:43','2025-06-26 00:58:43',5,0),(224,42,'/storage/product_options/1755001887_01_004813439.jpg',NULL,'2025-06-26 01:01:55','2025-06-26 01:01:55',1,0),(225,42,'/storage/product_options/581840327_02_d048b3755.jpg',NULL,'2025-06-26 01:01:55','2025-06-26 01:01:55',2,0),(226,42,'/storage/product_options/2075734918_03_104933926.jpg',NULL,'2025-06-26 01:01:55','2025-06-26 01:01:55',3,0),(227,42,'/storage/product_options/2145129301_04_004944106.jpg',NULL,'2025-06-26 01:01:55','2025-06-26 01:01:55',4,0),(228,42,'/storage/product_options/1270096776_05_004954242.jpg',NULL,'2025-06-26 01:01:55','2025-06-26 01:01:55',5,0),(229,42,'/storage/product_options/1955553639_06_e04964508.jpg',NULL,'2025-06-26 01:01:55','2025-06-26 01:01:55',6,0),(230,43,'/storage/product_options/791695541_01-01_b1ba62430.jpg',NULL,'2025-06-26 01:05:05','2025-06-26 01:05:05',1,0),(231,43,'/storage/product_options/328912121_02-02_41ba72511.jpg',NULL,'2025-06-26 01:05:05','2025-06-26 01:05:05',2,0),(232,43,'/storage/product_options/188244700_03-03_a1ba82521.jpg',NULL,'2025-06-26 01:05:05','2025-06-26 01:05:05',3,0),(233,43,'/storage/product_options/406191817_04-01_11ba92537.jpg',NULL,'2025-06-26 01:05:05','2025-06-26 01:05:05',4,0),(234,43,'/storage/product_options/1498864646_05-01_d1baa2550.jpg',NULL,'2025-06-26 01:05:05','2025-06-26 01:05:05',5,0),(235,43,'/storage/product_options/1558592025_06-01_41bab2605.jpg',NULL,'2025-06-26 01:05:05','2025-06-26 01:05:05',6,0),(236,43,'/storage/product_options/918065263_07-01_51bac2615.jpg',NULL,'2025-06-26 01:05:05','2025-06-26 01:05:05',7,0),(237,44,'/storage/product_options/1848757734_01_f01844430.jpg',NULL,'2025-06-26 01:07:56','2025-06-26 01:07:56',1,0),(238,44,'/storage/product_options/1368008519_02_901854629.jpg',NULL,'2025-06-26 01:07:56','2025-06-26 01:07:56',2,0),(239,44,'/storage/product_options/1039155778_03_201945506.jpg',NULL,'2025-06-26 01:07:56','2025-06-26 01:07:56',3,0),(240,44,'/storage/product_options/356802065_04_a01955544.jpg',NULL,'2025-06-26 01:07:56','2025-06-26 01:07:56',4,0),(241,44,'/storage/product_options/581820455_05_901965626.jpg',NULL,'2025-06-26 01:07:56','2025-06-26 01:07:56',5,0),(242,44,'/storage/product_options/867502464_06_801975824.jpg',NULL,'2025-06-26 01:07:56','2025-06-26 01:07:56',6,0),(243,45,'/storage/product_options/234485240_01_f36b00304.jpg',NULL,'2025-06-26 01:14:23','2025-06-26 01:14:23',1,0),(244,45,'/storage/product_options/440257778_02_536b10414.jpg',NULL,'2025-06-26 01:14:23','2025-06-26 01:14:23',2,0),(245,45,'/storage/product_options/2085895000_03_d36b20539.jpg',NULL,'2025-06-26 01:14:23','2025-06-26 01:14:23',3,0),(246,45,'/storage/product_options/1871784941_04_d36b30715.jpg',NULL,'2025-06-26 01:14:23','2025-06-26 01:14:23',4,0),(247,45,'/storage/product_options/1998001974_05_836b50804.jpg',NULL,'2025-06-26 01:14:23','2025-06-26 01:14:23',5,0),(248,45,'/storage/product_options/1506575371_06_236b60926.jpg',NULL,'2025-06-26 01:14:23','2025-06-26 01:14:23',6,0),(249,45,'/storage/product_options/1203506900_07_b36b71049.jpg',NULL,'2025-06-26 01:14:23','2025-06-26 01:14:23',7,0),(250,45,'/storage/product_options/1053270348_08_236b81222.jpg',NULL,'2025-06-26 01:14:23','2025-06-26 01:14:23',8,0),(251,46,'/storage/product_options/1583630361_01_e65210241.jpg',NULL,'2025-06-26 01:19:26','2025-06-26 01:19:26',1,0),(252,46,'/storage/product_options/396320990_02_b65230459.jpg',NULL,'2025-06-26 01:19:26','2025-06-26 01:19:26',2,0),(253,46,'/storage/product_options/865962667_03_665250927.jpg',NULL,'2025-06-26 01:19:26','2025-06-26 01:19:26',3,0),(254,46,'/storage/product_options/1282983904_04_f65261033.jpg',NULL,'2025-06-26 01:19:26','2025-06-26 01:19:26',4,0),(255,46,'/storage/product_options/796214202_05_965271145.jpg',NULL,'2025-06-26 01:19:26','2025-06-26 01:19:26',5,0),(256,46,'/storage/product_options/1205352300_06_465281310.jpg',NULL,'2025-06-26 01:19:26','2025-06-26 01:19:26',6,0),(257,46,'/storage/product_options/927308362_07_765291338.jpg',NULL,'2025-06-26 01:19:26','2025-06-26 01:19:26',7,0),(258,46,'/storage/product_options/1188571107_08_2652a1411.jpg',NULL,'2025-06-26 01:19:26','2025-06-26 01:19:26',8,0),(259,47,'/storage/product_options/535053426_01_b0eca3602.jpg',NULL,'2025-06-26 01:22:05','2025-06-26 01:22:05',1,0),(260,47,'/storage/product_options/1061126384_02_c0ecb3625.jpg',NULL,'2025-06-26 01:22:05','2025-06-26 01:22:05',2,0),(261,47,'/storage/product_options/1740651301_03_30ecc3649.jpg',NULL,'2025-06-26 01:22:05','2025-06-26 01:22:05',3,0),(262,47,'/storage/product_options/1805485807_04_90ecd3711.jpg',NULL,'2025-06-26 01:22:05','2025-06-26 01:22:05',4,0),(263,47,'/storage/product_options/589215006_05_10ece3735.jpg',NULL,'2025-06-26 01:22:05','2025-06-26 01:22:05',5,0),(264,47,'/storage/product_options/1444150360_06_d0ecf3908.jpg',NULL,'2025-06-26 01:22:05','2025-06-26 01:22:05',6,0),(265,49,'/storage/product_options/564190442_VX9416_e007d.jpg',NULL,'2025-06-26 01:25:53','2025-06-26 01:25:53',1,0),(266,49,'/storage/product_options/1699430781_VX9416_frontleft_b0083.jpg',NULL,'2025-06-26 01:25:53','2025-06-26 01:25:53',2,0),(267,49,'/storage/product_options/975485208_VX9416_right_open_c0084.jpg',NULL,'2025-06-26 01:25:53','2025-06-26 01:25:53',3,0),(268,50,'/storage/product_options/505259955_04_514e33019.jpg',NULL,'2025-06-26 02:00:55','2025-06-26 02:00:55',1,0),(269,50,'/storage/product_options/1502518723_06_414eb4432.jpg',NULL,'2025-06-26 02:00:55','2025-06-26 02:00:55',2,0),(270,50,'/storage/product_options/1494018829_08_514e73358.jpg',NULL,'2025-06-26 02:00:55','2025-06-26 02:00:55',3,0),(271,50,'/storage/product_options/612553936_10_f14e53147.jpg',NULL,'2025-06-26 02:00:55','2025-06-26 02:00:55',4,0),(272,50,'/storage/product_options/162032072_12.jpg',NULL,'2025-06-26 02:00:55','2025-06-26 02:00:55',5,0),(273,50,'/storage/product_options/1355306010_03_814e22959.jpg',NULL,'2025-06-26 02:00:55','2025-06-26 02:00:55',6,0),(274,50,'/storage/product_options/1772424137_05_914ea4409.jpg',NULL,'2025-06-26 02:00:55','2025-06-26 02:00:55',7,0),(275,50,'/storage/product_options/642892354_07_914e63219.jpg',NULL,'2025-06-26 02:00:55','2025-06-26 02:00:55',8,0),(276,50,'/storage/product_options/733234141_09_c14e43125.jpg',NULL,'2025-06-26 02:00:55','2025-06-26 02:00:55',9,0),(278,50,'/storage/product_options/75573995_19_e3e674909.jpg',NULL,'2025-06-26 02:00:55','2025-06-26 02:00:55',11,1),(279,51,'/storage/product_options/1401721964_04_514e33019.jpg',NULL,'2025-06-26 02:05:40','2025-06-26 02:05:40',1,0),(280,51,'/storage/product_options/815991847_06_414eb4432.jpg',NULL,'2025-06-26 02:05:40','2025-06-26 02:05:40',2,0),(281,51,'/storage/product_options/578464137_08_514e73358.jpg',NULL,'2025-06-26 02:05:40','2025-06-26 02:05:40',3,0),(282,51,'/storage/product_options/763454971_10_f14e53147.jpg',NULL,'2025-06-26 02:05:40','2025-06-26 02:05:40',4,0),(283,51,'/storage/product_options/1155074567_ZV-1M2B.jpg',NULL,'2025-06-26 02:05:40','2025-06-26 02:05:40',5,0),(284,51,'/storage/product_options/35231371_03_814e22959.jpg',NULL,'2025-06-26 02:05:40','2025-06-26 02:05:40',6,0),(285,51,'/storage/product_options/943117038_05_914ea4409.jpg',NULL,'2025-06-26 02:05:40','2025-06-26 02:05:40',7,0),(286,51,'/storage/product_options/1857494170_07_914e63219.jpg',NULL,'2025-06-26 02:05:40','2025-06-26 02:05:40',8,0),(287,51,'/storage/product_options/857727809_09_c14e43125.jpg',NULL,'2025-06-26 02:05:40','2025-06-26 02:05:40',9,0),(288,51,'/storage/product_options/1621885369_20_914e12614.jpg',NULL,'2025-06-26 02:05:40','2025-06-26 02:05:40',10,1),(289,52,'/storage/product_options/1516442172_CX64210_EVF_Flash-Large_e0244.jpg',NULL,'2025-06-26 02:09:39','2025-06-26 02:09:39',1,0),(290,52,'/storage/product_options/1926345673_CX64210_Front-Large_c0243.jpg',NULL,'2025-06-26 02:09:39','2025-06-26 02:09:39',2,0),(291,52,'/storage/product_options/814603358_CX64210_Rear_Right-Large_40246.jpg',NULL,'2025-06-26 02:09:39','2025-06-26 02:09:39',3,0),(292,52,'/storage/product_options/81458676_CX64210_Right-Side_Terminal-Large_50248.jpg',NULL,'2025-06-26 02:09:39','2025-06-26 02:09:39',4,0),(293,52,'/storage/product_options/241797059_CX64210_Right-Tele-Large_e0245.jpg',NULL,'2025-06-26 02:09:39','2025-06-26 02:09:39',5,0),(294,52,'/storage/product_options/757163230_CX64210_Top_Close-Large_f0247.jpg',NULL,'2025-06-26 02:09:39','2025-06-26 02:09:39',6,0),(295,53,'/storage/product_options/54129610_CX64010_bottom_d0af1.jpg',NULL,'2025-06-26 02:13:49','2025-06-26 02:13:49',1,0),(296,53,'/storage/product_options/438040753_CX64010_front_40aed.jpg',NULL,'2025-06-26 02:13:49','2025-06-26 02:13:49',2,0),(297,53,'/storage/product_options/1267199471_CX64010_rear_f0aee.jpg',NULL,'2025-06-26 02:13:49','2025-06-26 02:13:49',3,0),(298,53,'/storage/product_options/2022320937_CX64010_right_d0aef.jpg',NULL,'2025-06-26 02:13:49','2025-06-26 02:13:49',4,0),(299,53,'/storage/product_options/719313821_CX64010_top_10af0.jpg',NULL,'2025-06-26 02:13:49','2025-06-26 02:13:49',5,0),(300,54,'/storage/product_options/2100090568_01.jpg',NULL,'2025-06-26 02:22:45','2025-06-26 02:22:45',1,0),(301,54,'/storage/product_options/1438019296_01_e02d92153.jpg',NULL,'2025-06-26 02:22:45','2025-06-26 02:22:45',2,0),(302,54,'/storage/product_options/1956343051_03_002db2257.jpg',NULL,'2025-06-26 02:22:45','2025-06-26 02:22:45',3,0),(303,54,'/storage/product_options/699163537_04_202dc2528 (1).jpg',NULL,'2025-06-26 02:22:45','2025-06-26 02:22:45',4,0),(304,54,'/storage/product_options/287364744_04_202dc2528.jpg',NULL,'2025-06-26 02:22:45','2025-06-26 02:22:45',5,0),(305,54,'/storage/product_options/288197180_05_a02dd2639 (1).jpg',NULL,'2025-06-26 02:22:45','2025-06-26 02:22:45',6,0),(306,54,'/storage/product_options/255248378_05_a02dd2639.jpg',NULL,'2025-06-26 02:22:45','2025-06-26 02:22:45',7,0),(307,54,'/storage/product_options/2039720972_07_202df3025.jpg',NULL,'2025-06-26 02:22:45','2025-06-26 02:22:45',8,0),(308,54,'/storage/product_options/592801731_09_002e03108.jpg',NULL,'2025-06-26 02:22:45','2025-06-26 02:22:45',9,0),(309,54,'/storage/product_options/746307540_02_502da2219.jpg',NULL,'2025-06-26 02:22:45','2025-06-26 02:22:45',10,0),(310,54,'/storage/product_options/2119518212_12_302d81846.jpg',NULL,'2025-06-26 02:22:45','2025-06-26 02:22:45',11,1),(311,55,'/storage/product_options/617611739_04.jpg',NULL,'2025-06-26 02:28:58','2025-06-26 02:28:58',1,0),(312,55,'/storage/product_options/1735213783_06_d3f1d2353.jpg',NULL,'2025-06-26 02:28:58','2025-06-26 02:28:58',2,0),(313,55,'/storage/product_options/1574209486_01.jpg',NULL,'2025-06-26 02:28:58','2025-06-26 02:28:58',3,0),(314,55,'/storage/product_options/1799220319_01_23f085120.jpg',NULL,'2025-06-26 02:28:58','2025-06-26 02:28:58',4,0),(315,55,'/storage/product_options/1907698235_02_b3f182004.jpg',NULL,'2025-06-26 02:28:58','2025-06-26 02:28:58',5,0),(316,55,'/storage/product_options/471210046_03_53f192047.jpg',NULL,'2025-06-26 02:28:58','2025-06-26 02:28:58',6,0),(317,55,'/storage/product_options/1542274941_60.jpg',NULL,'2025-06-26 02:28:58','2025-06-26 02:28:58',7,0),(318,55,'/storage/product_options/231312453_61_a4ed54217.jpg',NULL,'2025-06-26 02:28:58','2025-06-26 02:28:58',8,0),(319,55,'/storage/product_options/2138361263_63_25e125149.jpg',NULL,'2025-06-26 02:28:58','2025-06-26 02:28:58',9,0),(320,55,'/storage/product_options/1165021652_64_45e135232.jpg',NULL,'2025-06-26 02:28:58','2025-06-26 02:28:58',10,0),(321,55,'/storage/product_options/451475489_07_a3f1a2124.jpg',NULL,'2025-06-26 02:28:58','2025-06-26 02:28:58',11,1),(322,56,'/storage/product_options/917271480_01_f1c833504.jpg',NULL,'2025-06-26 02:37:27','2025-06-26 02:37:27',1,0),(323,56,'/storage/product_options/168166557_02.jpg',NULL,'2025-06-26 02:37:28','2025-06-26 02:37:28',2,0),(324,56,'/storage/product_options/1233134459_02_e1c843820.jpg',NULL,'2025-06-26 02:37:28','2025-06-26 02:37:28',3,0),(325,56,'/storage/product_options/1047445454_06_81c884751.jpg',NULL,'2025-06-26 02:37:28','2025-06-26 02:37:28',4,0),(326,56,'/storage/product_options/233834367_03_f1be74135.jpg',NULL,'2025-06-26 02:37:28','2025-06-26 02:37:28',5,0),(327,56,'/storage/product_options/1073866749_48_f4ed13641.jpg',NULL,'2025-06-26 02:37:28','2025-06-26 02:37:28',6,0),(328,56,'/storage/product_options/1633363003_49.jpg',NULL,'2025-06-26 02:37:28','2025-06-26 02:37:28',7,0),(329,56,'/storage/product_options/1751101235_50_a4ed23712.jpg',NULL,'2025-06-26 02:37:28','2025-06-26 02:37:28',8,0),(330,56,'/storage/product_options/540478821_51_35e014900.jpg',NULL,'2025-06-26 02:37:28','2025-06-26 02:37:28',9,0),(331,56,'/storage/product_options/1499033307_52_35e115031.jpg',NULL,'2025-06-26 02:37:28','2025-06-26 02:37:28',10,0),(332,56,'/storage/product_options/881947963_43_f1be63917.jpg',NULL,'2025-06-26 02:37:28','2025-06-26 02:37:28',11,1),(333,56,'/storage/product_options/821604148_WH-1000XM5_pi.jpg',NULL,'2025-06-26 02:37:28','2025-06-26 02:37:28',12,1),(334,57,'/storage/product_options/1374515520_02_607e54507.jpg',NULL,'2025-06-26 02:42:10','2025-06-26 02:42:10',1,0),(335,57,'/storage/product_options/553587727_04_b07e44431.jpg',NULL,'2025-06-26 02:42:10','2025-06-26 02:42:10',2,0),(336,57,'/storage/product_options/1781033975_06_007e64612.jpg',NULL,'2025-06-26 02:42:10','2025-06-26 02:42:10',3,0),(337,57,'/storage/product_options/1542768897_08_607e34352.jpg',NULL,'2025-06-26 02:42:10','2025-06-26 02:42:10',4,0),(338,57,'/storage/product_options/1884751006_12_d07e84706.jpg',NULL,'2025-06-26 02:42:10','2025-06-26 02:42:10',5,0),(339,57,'/storage/product_options/1425556368_03_507df4132.jpg',NULL,'2025-06-26 02:42:10','2025-06-26 02:42:10',6,0),(340,57,'/storage/product_options/116097077_05_a07de4042.jpg',NULL,'2025-06-26 02:42:10','2025-06-26 02:42:10',7,0),(341,57,'/storage/product_options/109729570_07_907e04208.jpg',NULL,'2025-06-26 02:42:10','2025-06-26 02:42:10',8,0),(342,57,'/storage/product_options/554032064_09.jpg',NULL,'2025-06-26 02:42:10','2025-06-26 02:42:10',9,0),(343,57,'/storage/product_options/614909621_09_f07dd3959.jpg',NULL,'2025-06-26 02:42:10','2025-06-26 02:42:10',10,0),(344,57,'/storage/product_options/208825192_01_107871938.jpg',NULL,'2025-06-26 02:42:10','2025-06-26 02:42:10',11,1),(345,58,'/storage/product_options/448853909_1-gallery_302dd.jpeg',NULL,'2025-06-26 02:44:26','2025-06-26 02:44:26',1,0),(346,59,'/storage/product_options/1162146314_ZS-PS50_Black_700de.jpg',NULL,'2025-06-26 02:48:27','2025-06-26 02:48:27',1,0),(347,59,'/storage/product_options/1405072104_ZS-PS50_Black_front_500dc.jpg',NULL,'2025-06-26 02:48:27','2025-06-26 02:48:27',2,0),(348,59,'/storage/product_options/1343022219_ZS-PS50_Black_handle-up_100dd.jpg',NULL,'2025-06-26 02:48:27','2025-06-26 02:48:27',3,0),(349,60,'/storage/product_options/1220579846_02_610df4006.jpg',NULL,'2025-06-29 23:09:00','2025-06-29 23:09:00',1,0),(350,60,'/storage/product_options/1087654841_04_510e14419.jpg',NULL,'2025-06-29 23:09:00','2025-06-29 23:09:00',2,0),(351,60,'/storage/product_options/1227344154_01_f10b84408.jpg',NULL,'2025-06-29 23:09:00','2025-06-29 23:09:00',3,0),(352,60,'/storage/product_options/2116049145_03_110e04130.jpg',NULL,'2025-06-29 23:09:00','2025-06-29 23:09:00',4,0),(353,60,'/storage/product_options/170764961_07_b10e34643.jpg',NULL,'2025-06-29 23:09:00','2025-06-29 23:09:00',5,0),(354,61,'/storage/product_options/1824197294_03_6251b1611.jpg',NULL,'2025-06-29 23:36:17','2025-06-29 23:36:17',1,0),(355,61,'/storage/product_options/295032879_02_b25191557.jpg',NULL,'2025-06-29 23:36:17','2025-06-29 23:36:17',2,0),(356,61,'/storage/product_options/794672985_01_625181541.jpg',NULL,'2025-06-29 23:36:17','2025-06-29 23:36:17',3,0),(357,61,'/storage/product_options/1217533515_04.jpg','1','2025-06-29 23:36:17','2025-06-30 05:29:06',2,0),(358,61,'/storage/product_options/2129806794_04_0251c1627.jpg','3','2025-06-29 23:36:17','2025-06-30 05:29:06',3,0),(359,61,'/storage/product_options/2091821289_06_0251f1826.jpg','4','2025-06-29 23:36:17','2025-06-30 05:29:06',4,0),(360,61,'/storage/product_options/462773139_07_d25211845.jpg','2','2025-06-29 23:36:17','2025-06-30 05:29:06',5,0),(361,61,'/storage/product_options/259510204_11_525170321.jpg',NULL,'2025-06-29 23:36:17','2025-06-29 23:36:17',8,1),(362,62,'/storage/product_options/942929950_02.jpg',NULL,'2025-06-29 23:41:41','2025-06-29 23:41:41',1,0),(363,62,'/storage/product_options/1752598876_02_b242c4024.jpg',NULL,'2025-06-29 23:41:41','2025-06-29 23:41:41',2,0),(364,62,'/storage/product_options/1049621380_08_a24314436.jpg',NULL,'2025-06-29 23:41:41','2025-06-29 23:41:41',3,0),(365,62,'/storage/product_options/504359343_10_c24334710.jpg',NULL,'2025-06-29 23:41:41','2025-06-29 23:41:41',4,0),(366,62,'/storage/product_options/1044334458_01_c242a3317.jpg',NULL,'2025-06-29 23:41:41','2025-06-29 23:41:41',5,0),(367,62,'/storage/product_options/2078658899_01-1_a242b3940.jpg',NULL,'2025-06-29 23:41:41','2025-06-29 23:41:41',6,0),(368,62,'/storage/product_options/1396139115_09_724304343.jpg',NULL,'2025-06-29 23:41:41','2025-06-29 23:41:41',7,0),(369,62,'/storage/product_options/821496004_03_4242e4148.jpg',NULL,'2025-06-29 23:41:41','2025-06-29 23:41:41',8,0),(370,62,'/storage/product_options/2081912711_07_424324604.jpg',NULL,'2025-06-29 23:41:41','2025-06-29 23:41:41',9,0),(371,62,'/storage/product_options/1728581121_13-1_d24292855.jpg',NULL,'2025-06-29 23:41:41','2025-06-29 23:41:41',10,1),(372,63,'/storage/product_options/1815663082_01-1_f15dd3429.jpg',NULL,'2025-06-30 00:05:55','2025-06-30 00:05:55',1,0),(373,63,'/storage/product_options/2041679332_02-1_515de3531.jpg',NULL,'2025-06-30 00:05:55','2025-06-30 00:05:55',2,0),(374,63,'/storage/product_options/650337627_03-1_715df3912.jpg',NULL,'2025-06-30 00:05:55','2025-06-30 00:05:55',3,0),(375,63,'/storage/product_options/1308181085_04-1_a15e03920.jpg',NULL,'2025-06-30 00:05:55','2025-06-30 00:05:55',4,0),(376,63,'/storage/product_options/49963296_05-1_615e13932.jpg',NULL,'2025-06-30 00:05:55','2025-06-30 00:05:55',5,0),(377,63,'/storage/product_options/1357891715_07-1_015e23942.jpg',NULL,'2025-06-30 00:05:55','2025-06-30 00:05:55',6,0),(378,64,'/storage/product_options/259951995_3000x3000_02_d00c9.jpg',NULL,'2025-06-30 00:11:16','2025-06-30 00:11:16',1,0),(379,64,'/storage/product_options/1734588111_SRS_XB43_Black_front-Large_600bd.jpg',NULL,'2025-06-30 00:11:16','2025-06-30 00:11:16',2,0),(380,64,'/storage/product_options/1952270542_SRS_XB43_Black_rear_100be.jpg',NULL,'2025-06-30 00:11:16','2025-06-30 00:11:16',3,0),(381,64,'/storage/product_options/39217988_3000x3000_01_200c8.jpg',NULL,'2025-06-30 00:11:16','2025-06-30 00:11:16',4,0),(382,64,'/storage/product_options/1249085422_SRS_XB43_Blue_front-Large_800c0.jpg',NULL,'2025-06-30 00:11:16','2025-06-30 00:11:16',5,0),(383,64,'/storage/product_options/1320393072_SRS_XB43_Blue_main-Large_300ba.jpg',NULL,'2025-06-30 00:11:16','2025-06-30 00:11:16',6,0),(384,64,'/storage/product_options/1710660373_3000x3000_02_d00c9.jpg',NULL,'2025-06-30 00:11:16','2025-06-30 00:11:16',7,0),(385,64,'/storage/product_options/580950142_SRS_XB43_Black_front-Large_600bd.jpg',NULL,'2025-06-30 00:11:16','2025-06-30 00:11:16',8,0),(386,64,'/storage/product_options/316788804_SRS_XB43_Black_rear_100be.jpg',NULL,'2025-06-30 00:11:16','2025-06-30 00:11:16',9,0),(387,65,'/storage/product_options/2079626491_04_27bc83032.jpg',NULL,'2025-06-30 00:17:08','2025-06-30 00:17:08',1,0),(388,65,'/storage/product_options/1422888994_06_27bc93131.jpg',NULL,'2025-06-30 00:17:08','2025-06-30 00:17:08',2,0),(389,65,'/storage/product_options/1949782489_01_e7bc52938.jpg',NULL,'2025-06-30 00:17:08','2025-06-30 00:17:08',3,0),(390,65,'/storage/product_options/769424769_05_b7bc73014.jpg',NULL,'2025-06-30 00:17:08','2025-06-30 00:17:08',4,0),(391,65,'/storage/product_options/1070839965_03_e7bc62958 (1).jpg',NULL,'2025-06-30 00:17:08','2025-06-30 00:17:08',5,0),(392,65,'/storage/product_options/1889443089_03_e7bc62958.jpg',NULL,'2025-06-30 00:17:08','2025-06-30 00:17:08',6,0),(393,65,'/storage/product_options/1324671205_07_f7bc42702.jpg',NULL,'2025-06-30 00:17:08','2025-06-30 00:17:08',7,1);
/*!40000 ALTER TABLE `product_images` ENABLE KEYS */;
UNLOCK TABLES;

--
-- Table structure for table `product_option_images`
--

DROP TABLE IF EXISTS `product_option_images`;
/*!40101 SET @saved_cs_client     = @@character_set_client */;
/*!50503 SET character_set_client = utf8mb4 */;
CREATE TABLE `product_option_images` (
  `id` bigint unsigned NOT NULL AUTO_INCREMENT,
  `product_option_id` bigint unsigned NOT NULL,
  `product_image_id` bigint unsigned NOT NULL,
  `created_at` timestamp NULL DEFAULT NULL,
  `updated_at` timestamp NULL DEFAULT NULL,
  PRIMARY KEY (`id`),
  UNIQUE KEY `product_option_images_product_option_id_product_image_id_unique` (`product_option_id`,`product_image_id`),
  KEY `product_option_images_product_image_id_foreign` (`product_image_id`),
  CONSTRAINT `product_option_images_product_image_id_foreign` FOREIGN KEY (`product_image_id`) REFERENCES `product_images` (`id`) ON DELETE CASCADE,
  CONSTRAINT `product_option_images_product_option_id_foreign` FOREIGN KEY (`product_option_id`) REFERENCES `product_options` (`id`) ON DELETE CASCADE
) ENGINE=InnoDB AUTO_INCREMENT=394 DEFAULT CHARSET=utf8mb4 COLLATE=utf8mb4_unicode_ci;
/*!40101 SET character_set_client = @saved_cs_client */;

--
-- Dumping data for table `product_option_images`
--

LOCK TABLES `product_option_images` WRITE;
/*!40000 ALTER TABLE `product_option_images` DISABLE KEYS */;
INSERT INTO `product_option_images` VALUES (9,1,9,NULL,NULL),(24,10,27,NULL,NULL),(42,1,45,NULL,NULL),(61,26,64,NULL,NULL),(62,26,65,NULL,NULL),(64,35,67,NULL,NULL),(69,39,72,NULL,NULL),(94,43,97,NULL,NULL),(103,43,106,NULL,NULL),(104,43,107,NULL,NULL),(105,10,108,NULL,NULL),(106,10,109,NULL,NULL),(107,10,110,NULL,NULL),(108,10,111,NULL,NULL),(109,10,112,NULL,NULL),(110,26,113,NULL,NULL),(111,35,114,NULL,NULL),(112,26,115,NULL,NULL),(115,26,118,NULL,NULL),(116,26,119,NULL,NULL),(122,46,125,NULL,NULL),(123,46,126,NULL,NULL),(124,46,127,NULL,NULL),(125,47,128,NULL,NULL),(126,47,129,NULL,NULL),(131,54,134,NULL,NULL),(132,54,135,NULL,NULL),(133,54,136,NULL,NULL),(134,54,137,NULL,NULL),(135,54,138,NULL,NULL),(136,55,139,NULL,NULL),(138,55,141,NULL,NULL),(139,55,142,NULL,NULL),(140,55,143,NULL,NULL),(141,55,144,NULL,NULL),(142,55,145,NULL,NULL),(143,56,146,NULL,NULL),(144,56,147,NULL,NULL),(145,56,148,NULL,NULL),(146,56,149,NULL,NULL),(147,57,150,NULL,NULL),(148,57,151,NULL,NULL),(149,57,152,NULL,NULL),(150,58,153,NULL,NULL),(151,59,154,NULL,NULL),(152,59,155,NULL,NULL),(153,59,156,NULL,NULL),(154,60,157,NULL,NULL),(155,60,158,NULL,NULL),(156,60,159,NULL,NULL),(157,61,160,NULL,NULL),(158,62,161,NULL,NULL),(159,62,162,NULL,NULL),(160,62,163,NULL,NULL),(161,62,164,NULL,NULL),(162,62,165,NULL,NULL),(163,62,166,NULL,NULL),(164,62,167,NULL,NULL),(165,63,168,NULL,NULL),(166,64,169,NULL,NULL),(167,63,170,NULL,NULL),(168,63,171,NULL,NULL),(169,63,172,NULL,NULL),(170,63,173,NULL,NULL),(171,65,174,NULL,NULL),(172,65,175,NULL,NULL),(173,65,176,NULL,NULL),(174,65,177,NULL,NULL),(175,65,178,NULL,NULL),(177,66,180,NULL,NULL),(178,65,181,NULL,NULL),(179,67,182,NULL,NULL),(180,67,183,NULL,NULL),(181,67,184,NULL,NULL),(182,67,185,NULL,NULL),(183,67,186,NULL,NULL),(184,67,187,NULL,NULL),(185,68,188,NULL,NULL),(186,68,189,NULL,NULL),(187,68,190,NULL,NULL),(188,68,191,NULL,NULL),(189,69,192,NULL,NULL),(190,69,193,NULL,NULL),(191,69,194,NULL,NULL),(192,69,195,NULL,NULL),(193,69,196,NULL,NULL),(194,70,197,NULL,NULL),(195,70,198,NULL,NULL),(196,70,199,NULL,NULL),(197,70,200,NULL,NULL),(198,70,201,NULL,NULL),(199,70,202,NULL,NULL),(200,70,203,NULL,NULL),(201,70,204,NULL,NULL),(202,71,205,NULL,NULL),(203,72,206,NULL,NULL),(204,72,207,NULL,NULL),(205,72,208,NULL,NULL),(206,72,209,NULL,NULL),(207,72,210,NULL,NULL),(208,72,211,NULL,NULL),(209,73,212,NULL,NULL),(210,73,213,NULL,NULL),(211,73,214,NULL,NULL),(212,73,215,NULL,NULL),(213,73,216,NULL,NULL),(214,73,217,NULL,NULL),(215,73,218,NULL,NULL),(216,74,219,NULL,NULL),(217,74,220,NULL,NULL),(218,74,221,NULL,NULL),(219,74,222,NULL,NULL),(220,74,223,NULL,NULL),(221,75,224,NULL,NULL),(222,75,225,NULL,NULL),(223,75,226,NULL,NULL),(224,75,227,NULL,NULL),(225,75,228,NULL,NULL),(226,75,229,NULL,NULL),(227,76,230,NULL,NULL),(228,76,231,NULL,NULL),(229,76,232,NULL,NULL),(230,76,233,NULL,NULL),(231,76,234,NULL,NULL),(232,76,235,NULL,NULL),(233,76,236,NULL,NULL),(234,77,237,NULL,NULL),(235,77,238,NULL,NULL),(236,77,239,NULL,NULL),(237,77,240,NULL,NULL),(238,77,241,NULL,NULL),(239,77,242,NULL,NULL),(240,78,243,NULL,NULL),(241,78,244,NULL,NULL),(242,78,245,NULL,NULL),(243,78,246,NULL,NULL),(244,78,247,NULL,NULL),(245,78,248,NULL,NULL),(246,78,249,NULL,NULL),(247,78,250,NULL,NULL),(248,79,251,NULL,NULL),(249,79,252,NULL,NULL),(250,79,253,NULL,NULL),(251,79,254,NULL,NULL),(252,79,255,NULL,NULL),(253,79,256,NULL,NULL),(254,79,257,NULL,NULL),(255,79,258,NULL,NULL),(256,80,259,NULL,NULL),(257,80,260,NULL,NULL),(258,80,261,NULL,NULL),(259,80,262,NULL,NULL),(260,80,263,NULL,NULL),(261,80,264,NULL,NULL),(262,81,265,NULL,NULL),(263,81,266,NULL,NULL),(264,81,267,NULL,NULL),(265,82,268,NULL,NULL),(266,82,269,NULL,NULL),(267,82,270,NULL,NULL),(268,82,271,NULL,NULL),(269,82,272,NULL,NULL),(270,83,273,NULL,NULL),(271,83,274,NULL,NULL),(272,83,275,NULL,NULL),(273,83,276,NULL,NULL),(275,84,278,NULL,NULL),(276,85,279,NULL,NULL),(277,85,280,NULL,NULL),(278,85,281,NULL,NULL),(279,85,282,NULL,NULL),(280,85,283,NULL,NULL),(281,86,284,NULL,NULL),(282,86,285,NULL,NULL),(283,86,286,NULL,NULL),(284,86,287,NULL,NULL),(285,87,288,NULL,NULL),(286,88,289,NULL,NULL),(287,88,290,NULL,NULL),(288,88,291,NULL,NULL),(289,88,292,NULL,NULL),(290,88,293,NULL,NULL),(291,88,294,NULL,NULL),(292,89,295,NULL,NULL),(293,89,296,NULL,NULL),(294,89,297,NULL,NULL),(295,89,298,NULL,NULL),(296,89,299,NULL,NULL),(297,90,300,NULL,NULL),(298,90,301,NULL,NULL),(299,91,302,NULL,NULL),(300,91,303,NULL,NULL),(301,91,304,NULL,NULL),(302,91,305,NULL,NULL),(303,91,306,NULL,NULL),(304,91,307,NULL,NULL),(305,91,308,NULL,NULL),(306,92,309,NULL,NULL),(307,93,310,NULL,NULL),(308,94,311,NULL,NULL),(309,94,312,NULL,NULL),(310,95,313,NULL,NULL),(311,95,314,NULL,NULL),(312,95,315,NULL,NULL),(313,95,316,NULL,NULL),(314,96,317,NULL,NULL),(315,96,318,NULL,NULL),(316,96,319,NULL,NULL),(317,96,320,NULL,NULL),(318,97,321,NULL,NULL),(319,98,322,NULL,NULL),(320,99,323,NULL,NULL),(321,99,324,NULL,NULL),(322,99,325,NULL,NULL),(323,100,326,NULL,NULL),(324,101,327,NULL,NULL),(325,101,328,NULL,NULL),(326,101,329,NULL,NULL),(327,101,330,NULL,NULL),(328,101,331,NULL,NULL),(329,102,332,NULL,NULL),(330,102,333,NULL,NULL),(331,103,334,NULL,NULL),(332,103,335,NULL,NULL),(333,103,336,NULL,NULL),(334,103,337,NULL,NULL),(335,103,338,NULL,NULL),(336,104,339,NULL,NULL),(337,104,340,NULL,NULL),(338,104,341,NULL,NULL),(339,104,342,NULL,NULL),(340,104,343,NULL,NULL),(341,105,344,NULL,NULL),(342,106,345,NULL,NULL),(343,107,346,NULL,NULL),(344,107,347,NULL,NULL),(345,107,348,NULL,NULL),(346,108,349,NULL,NULL),(347,108,350,NULL,NULL),(348,109,351,NULL,NULL),(349,109,352,NULL,NULL),(350,109,353,NULL,NULL),(351,110,354,NULL,NULL),(352,111,355,NULL,NULL),(353,112,356,NULL,NULL),(354,113,357,NULL,NULL),(355,113,358,NULL,NULL),(356,113,359,NULL,NULL),(357,113,360,NULL,NULL),(358,115,361,NULL,NULL),(359,116,362,NULL,NULL),(360,116,363,NULL,NULL),(361,116,364,NULL,NULL),(362,116,365,NULL,NULL),(363,117,366,NULL,NULL),(364,117,367,NULL,NULL),(365,117,368,NULL,NULL),(366,118,369,NULL,NULL),(367,118,370,NULL,NULL),(368,119,371,NULL,NULL),(369,120,372,NULL,NULL),(370,120,373,NULL,NULL),(371,120,374,NULL,NULL),(372,120,375,NULL,NULL),(373,120,376,NULL,NULL),(374,120,377,NULL,NULL),(375,121,378,NULL,NULL),(376,121,379,NULL,NULL),(377,121,380,NULL,NULL),(378,122,381,NULL,NULL),(379,122,382,NULL,NULL),(380,122,383,NULL,NULL),(381,123,384,NULL,NULL),(382,123,385,NULL,NULL),(383,123,386,NULL,NULL),(384,124,387,NULL,NULL),(385,124,388,NULL,NULL),(386,125,389,NULL,NULL),(387,126,390,NULL,NULL),(388,127,391,NULL,NULL),(389,127,392,NULL,NULL),(390,128,393,NULL,NULL);
/*!40000 ALTER TABLE `product_option_images` ENABLE KEYS */;
UNLOCK TABLES;

--
-- Table structure for table `product_options`
--

DROP TABLE IF EXISTS `product_options`;
/*!40101 SET @saved_cs_client     = @@character_set_client */;
/*!50503 SET character_set_client = utf8mb4 */;
CREATE TABLE `product_options` (
  `id` bigint unsigned NOT NULL AUTO_INCREMENT,
  `product_id` bigint unsigned NOT NULL,
  `color_name` varchar(255) COLLATE utf8mb4_unicode_ci NOT NULL,
  `color_code` varchar(255) COLLATE utf8mb4_unicode_ci NOT NULL,
  `image` varchar(255) COLLATE utf8mb4_unicode_ci DEFAULT NULL,
  `price` int unsigned NOT NULL,
  `quantity` int NOT NULL,
  `description` text COLLATE utf8mb4_unicode_ci,
  `enable` tinyint(1) NOT NULL DEFAULT '0',
  `published_status` tinyint unsigned NOT NULL,
  `created_at` timestamp NULL DEFAULT NULL,
  `updated_at` timestamp NULL DEFAULT NULL,
  PRIMARY KEY (`id`)
) ENGINE=InnoDB AUTO_INCREMENT=129 DEFAULT CHARSET=utf8mb4 COLLATE=utf8mb4_unicode_ci;
/*!40101 SET character_set_client = @saved_cs_client */;

--
-- Dumping data for table `product_options`
--

LOCK TABLES `product_options` WRITE;
/*!40000 ALTER TABLE `product_options` DISABLE KEYS */;
INSERT INTO `product_options` VALUES (1,1,'black','#000000','black.jpg',10,0,'blue',1,1,NULL,NULL),(3,1,'combine','null',NULL,0,0,NULL,1,1,NULL,NULL),(10,2,'藍色','#DC7373','/storage/product_options/1737541165_cups05.jpg',999,0,'不錄了',0,1,'2025-01-22 02:19:25','2025-04-20 22:05:14'),(26,2,'綠色','green','/storage/product_options/1740560475_wands07.jpg',520,0,NULL,1,1,'2025-02-26 01:01:15','2025-02-26 01:01:15'),(35,2,'組合色','combo',NULL,0,0,NULL,0,1,'2025-02-27 01:01:16','2025-02-27 02:17:37'),(39,2,'fgfg','fgf',NULL,2,0,NULL,0,1,'2025-02-27 02:16:54','2025-02-27 02:17:34'),(43,2,'騷紅','#D49A9A',NULL,12800,0,NULL,1,1,'2025-03-13 19:48:11','2025-05-08 22:34:07'),(46,12,'黑色','#030303','/storage/product_options/1750840646_04_60df94018.jpg',28980,10,NULL,1,1,'2025-06-25 00:37:26','2025-06-25 00:37:26'),(47,12,'銀色','#FFFFFF','/storage/product_options/1750840676_01_50df63716.jpg',28980,10,NULL,1,1,'2025-06-25 00:37:57','2025-06-25 00:37:57'),(54,13,'黑色','#000000','/storage/product_options/13/1750916401_01-01_e1ba01102.jpg',189980,10,NULL,1,1,'2025-06-25 21:40:01','2025-06-25 21:40:01'),(55,14,'黑色','#000000','/storage/product_options/14/1750917439_23_b69f42846.jpg',36980,10,NULL,1,1,'2025-06-25 21:57:19','2025-06-25 21:57:19'),(56,15,'黑色','#000000','/storage/product_options/15/1750918098_14_c699e3151.jpg',32980,10,NULL,1,1,'2025-06-25 22:08:18','2025-06-25 22:08:18'),(57,15,'銀色','#FFFFFF','/storage/product_options/15/1750918112_13_c699f4832.jpg',32980,10,NULL,1,1,'2025-06-25 22:08:32','2025-06-25 22:08:32'),(58,15,'組合色','combo','/storage/product_options/15/1750918215_47_c699b2753.jpg',32980,10,NULL,1,1,'2025-06-25 22:09:29','2025-06-25 22:10:15'),(59,16,'黑色','#000000','/storage/product_options/16/1750919376_01_80d133518.jpg',29980,10,NULL,1,1,'2025-06-25 22:29:36','2025-06-25 22:29:36'),(60,16,'銀色','#FFFFFF','/storage/product_options/16/1750919393_02.jpg',29980,10,NULL,1,1,'2025-06-25 22:29:53','2025-06-25 22:29:53'),(61,16,'組合色','combo',NULL,0,10,NULL,1,1,'2025-06-25 22:30:09','2025-06-25 22:30:09'),(62,31,'黑色','#000000','/storage/product_options/31/1750920027_01_306c55712.jpg',179980,10,NULL,1,1,'2025-06-25 22:40:27','2025-06-25 22:40:27'),(63,32,'黑色','#000000','/storage/product_options/32/1750923012_09_c37f75435.jpg',86980,10,NULL,1,1,'2025-06-25 23:30:12','2025-06-25 23:30:12'),(64,32,'銀色','#FFFFFF','/storage/product_options/32/1750923028_03.jpg',86980,10,NULL,1,1,'2025-06-25 23:30:28','2025-06-25 23:30:28'),(65,34,'黑色','#000000','/storage/product_options/34/1750926205_52_d2b464951.jpg',67980,10,NULL,1,1,'2025-06-26 00:22:53','2025-06-26 00:23:25'),(66,34,'銀色','#FFFFFF','/storage/product_options/34/1750926211_51_42b454908.jpg',67980,10,NULL,1,1,'2025-06-26 00:23:09','2025-06-26 00:23:31'),(67,35,'黑色','#000000','/storage/product_options/35/1750926505_01_e229d1324.jpg',51980,10,NULL,1,1,'2025-06-26 00:28:25','2025-06-26 00:28:25'),(68,37,'黑色','#000000','/storage/product_options/37/1750926863_01_d0cce.jpg',28980,10,NULL,1,1,'2025-06-26 00:34:23','2025-06-26 00:34:23'),(69,38,'黑色','#000000','/storage/product_options/38/1750927104_CX79900_front-Large_0004e.jpg',104980,10,NULL,1,1,'2025-06-26 00:38:24','2025-06-26 00:38:24'),(70,39,'銀色','#FFFFFF','/storage/product_options/39/1750927756_01_201301747.jpg',116980,10,NULL,1,1,'2025-06-26 00:49:16','2025-06-26 00:49:16'),(71,36,'銀色','#FFFFFF','/storage/product_options/36/1750927828_CX62600_front_silver_300b9.jpg',28980,10,NULL,1,1,'2025-06-26 00:50:28','2025-06-26 00:50:28'),(72,36,'黑色','#000000','/storage/product_options/36/1750927856_ILCE-6400-B_100ff.jpg',28980,10,NULL,1,1,'2025-06-26 00:50:56','2025-06-26 00:50:56'),(73,40,'黑色','#060606','/storage/product_options/40/1750928124_01_d02134505.jpg',25980,10,NULL,1,1,'2025-06-26 00:55:24','2025-06-26 00:55:24'),(74,41,'銀色','#FFFFFF','/storage/product_options/41/1750928310_03_f0abb3504.jpg',85980,10,NULL,1,1,'2025-06-26 00:58:30','2025-06-26 00:58:30'),(75,42,'黑色','#000000','/storage/product_options/42/1750928502_01_004813439.jpg',92980,10,NULL,1,1,'2025-06-26 01:01:42','2025-06-26 01:01:42'),(76,43,'黑色','#000000','/storage/product_options/43/1750928697_01-01_b1ba62430.jpg',54980,10,NULL,1,1,'2025-06-26 01:04:57','2025-06-26 01:04:57'),(77,44,'黑色','#000000','/storage/product_options/44/1750928867_01_f01844430.jpg',10880,10,NULL,1,1,'2025-06-26 01:07:47','2025-06-26 01:07:47'),(78,45,'黑色','#000000','/storage/product_options/45/1750929249_01_f36b00304.jpg',38980,10,NULL,1,1,'2025-06-26 01:14:09','2025-06-26 01:14:09'),(79,46,'黑色','#040404','/storage/product_options/46/1750929550_01_e65210241.jpg',35980,10,NULL,1,1,'2025-06-26 01:19:10','2025-06-26 01:19:10'),(80,47,'黑色','#000000','/storage/product_options/47/1750929718_01_b0eca3602.jpg',3980,10,NULL,1,1,'2025-06-26 01:21:58','2025-06-26 01:21:58'),(81,49,'黑色','#000000','/storage/product_options/49/1750929947_VX9416_e007d.jpg',11980,10,NULL,1,1,'2025-06-26 01:25:47','2025-06-26 01:25:47'),(82,50,'黑色','#000000','/storage/product_options/50/1750931993_04_514e33019.jpg',26980,10,NULL,1,1,'2025-06-26 01:59:53','2025-06-26 01:59:53'),(83,50,'銀色','#FFFFFF','/storage/product_options/50/1750932006_03_814e22959.jpg',26980,10,NULL,1,1,'2025-06-26 02:00:06','2025-06-26 02:00:06'),(84,50,'組合色','combo',NULL,268980,10,NULL,0,1,'2025-06-26 02:00:18','2025-06-26 02:00:18'),(85,51,'黑色','#000000','/storage/product_options/51/1750932263_ZV-1M2B.jpg',22980,10,NULL,1,1,'2025-06-26 02:04:23','2025-06-26 02:04:23'),(86,51,'銀色','#FFFFFF','/storage/product_options/51/1750932293_03_814e22959.jpg',22980,10,NULL,1,1,'2025-06-26 02:04:53','2025-06-26 02:04:53'),(87,51,'組合色','combo',NULL,22980,10,NULL,0,1,'2025-06-26 02:05:05','2025-06-26 02:05:05'),(88,52,'黑色','#060606','/storage/product_options/52/1750932564_CX64210_EVF_Flash-Large_e0244.jpg',34980,10,NULL,1,1,'2025-06-26 02:09:24','2025-06-26 02:09:24'),(89,53,'黑色','#000000','/storage/product_options/53/1750932817_CX64010_bottom_d0af1.jpg',17980,10,NULL,1,1,'2025-06-26 02:13:37','2025-06-26 02:13:38'),(90,54,'黑色','#000000','/storage/product_options/54/1750933290_01.jpg',13900,10,NULL,1,1,'2025-06-26 02:21:30','2025-06-26 02:21:30'),(91,54,'銀色','#FFFFFF','/storage/product_options/54/1750933306_03_002db2257.jpg',13900,10,NULL,1,1,'2025-06-26 02:21:46','2025-06-26 02:21:46'),(92,54,'深藍色','#095373','/storage/product_options/54/1750933337_02_502da2219.jpg',13900,10,NULL,1,1,'2025-06-26 02:22:17','2025-06-26 02:22:17'),(93,54,'組合色','combo',NULL,13900,10,NULL,1,1,'2025-06-26 02:22:24','2025-06-26 02:22:24'),(94,55,'黑色','#000000','/storage/product_options/55/1750933615_04.jpg',7490,10,NULL,1,1,'2025-06-26 02:26:55','2025-06-26 02:26:55'),(95,55,'銀色','#FFFFFF','/storage/product_options/55/1750933629_01.jpg',7490,10,NULL,1,1,'2025-06-26 02:27:09','2025-06-26 02:27:09'),(96,55,'玫瑰灰','#B59A9F','/storage/product_options/55/1750933693_63_25e125149.jpg',7490,10,NULL,1,1,'2025-06-26 02:28:13','2025-06-26 02:28:14'),(97,55,'組合色','combo','C:\\Users\\USER\\AppData\\Local\\Temp\\php8607.tmp',7490,10,NULL,0,1,'2025-06-26 02:28:26','2025-06-26 02:28:26'),(98,56,'黑色','#000000','/storage/product_options/56/1750934116_01_f1c833504.jpg',9900,10,NULL,1,1,'2025-06-26 02:35:16','2025-06-26 02:35:16'),(99,56,'銀色','#FFFFFF','/storage/product_options/56/1750934131_02.jpg',9900,10,NULL,1,1,'2025-06-26 02:35:31','2025-06-26 02:35:31'),(100,56,'午夜藍色','#0C586F','/storage/product_options/56/1750934167_03_f1be74135.jpg',9900,10,NULL,1,1,'2025-06-26 02:36:07','2025-06-26 02:36:07'),(101,56,'玫瑰灰','#B59A9F','/storage/product_options/56/1750934203_48_f4ed13641.jpg',9900,10,NULL,1,1,'2025-06-26 02:36:43','2025-06-26 02:36:43'),(102,56,'組合色','combo',NULL,9900,10,NULL,0,1,'2025-06-26 02:36:57','2025-06-26 02:36:57'),(103,57,'黑色','#000000','/storage/product_options/57/1750934484_02_607e54507.jpg',5990,10,NULL,1,1,'2025-06-26 02:41:24','2025-06-26 02:41:24'),(104,57,'銀色','#FFFFFF','/storage/product_options/57/1750934496_09_f07dd3959.jpg',5990,10,NULL,1,1,'2025-06-26 02:41:36','2025-06-26 02:41:36'),(105,57,'組合色','combo',NULL,5990,10,NULL,0,1,'2025-06-26 02:41:46','2025-06-26 02:41:46'),(106,58,'銀色','#FFFFFF','/storage/product_options/58/1750934661_1-gallery_302dd.jpeg',4690,10,NULL,1,1,'2025-06-26 02:44:21','2025-06-26 02:44:21'),(107,59,'黑色','#000000','/storage/product_options/59/1750934900_ZS-PS50_Black_700de.jpg',3990,10,NULL,1,1,'2025-06-26 02:48:20','2025-06-26 02:48:20'),(108,60,'黑色','#000000','/storage/product_options/60/1751267309_01_f10b84408.jpg',7990,10,NULL,1,1,'2025-06-29 23:08:29','2025-06-29 23:08:29'),(109,60,'銀色','#FFFFFF','/storage/product_options/60/1751267326_02_610df4006.jpg',7990,10,NULL,1,1,'2025-06-29 23:08:46','2025-06-29 23:08:46'),(110,61,'黑色','#000000','/storage/product_options/61/1751267568_03_6251b1611.jpg',3290,10,NULL,1,1,'2025-06-29 23:12:48','2025-06-29 23:12:48'),(111,61,'粉紅色','#D8BDB1','/storage/product_options/61/1751267612_02_b25191557.jpg',3290,10,NULL,1,1,'2025-06-29 23:13:32','2025-06-29 23:13:34'),(112,61,'白色','#FFFFFF','/storage/product_options/61/1751267638_01_625181541.jpg',3290,10,NULL,1,1,'2025-06-29 23:13:58','2025-06-29 23:13:58'),(113,61,'藍色','#2E4B5D','/storage/product_options/61/1751267674_04.jpg',3290,10,NULL,1,1,'2025-06-29 23:14:34','2025-06-29 23:14:34'),(115,61,'組合色','combo',NULL,3290,10,NULL,0,1,'2025-06-29 23:34:57','2025-06-29 23:34:57'),(116,62,'綠色','#B1BBB3','/storage/product_options/62/1751269212_02.jpg',6190,10,NULL,1,1,'2025-06-29 23:40:12','2025-06-29 23:40:12'),(117,62,'白色','#FFFFFF','/storage/product_options/62/1751269230_01_c242a3317.jpg',6190,10,NULL,1,1,'2025-06-29 23:40:30','2025-06-29 23:40:30'),(118,62,'黑色','#000000','/storage/product_options/62/1751269249_03_4242e4148.jpg',6190,10,NULL,1,1,'2025-06-29 23:40:49','2025-06-29 23:40:49'),(119,62,'組合色','combo',NULL,6190,10,NULL,0,1,'2025-06-29 23:41:05','2025-06-29 23:41:17'),(120,63,'銀色','#FFFFFF','/storage/product_options/63/1751270747_01-1_f15dd3429.jpg',15900,10,NULL,1,1,'2025-06-30 00:05:47','2025-06-30 00:05:47'),(121,64,'黑色','#000000','/storage/product_options/64/1751270983_3000x3000_02_d00c9.jpg',6990,10,NULL,1,1,'2025-06-30 00:09:43','2025-06-30 00:09:43'),(122,64,'藍色','#23597D','/storage/product_options/64/1751271017_3000x3000_01_200c8.jpg',6990,10,NULL,1,1,'2025-06-30 00:10:17','2025-06-30 00:10:17'),(123,64,'卡其色','#908270','/storage/product_options/64/1751271050_3000x3000_03_b00ca.jpg',6990,10,NULL,1,1,'2025-06-30 00:10:50','2025-06-30 00:10:50'),(124,65,'橘色','#FEA975','/storage/product_options/65/1751271298_04_27bc83032.jpg',1890,10,NULL,1,1,'2025-06-30 00:14:58','2025-06-30 00:14:58'),(125,65,'藍色','#60B0B1','/storage/product_options/65/1751271331_01_e7bc52938.jpg',1890,10,NULL,1,1,'2025-06-30 00:15:31','2025-06-30 00:15:31'),(126,65,'灰色','#C6CAC9','/storage/product_options/65/1751271361_05_b7bc73014.jpg',1890,10,NULL,1,1,'2025-06-30 00:16:01','2025-06-30 00:16:01'),(127,65,'黑色','#515659','/storage/product_options/65/1751271396_03_e7bc62958 (1).jpg',1890,10,NULL,1,1,'2025-06-30 00:16:36','2025-06-30 00:16:36'),(128,65,'組合色','combo',NULL,1890,10,NULL,0,1,'2025-06-30 00:16:44','2025-06-30 00:16:44');
/*!40000 ALTER TABLE `product_options` ENABLE KEYS */;
UNLOCK TABLES;

--
-- Table structure for table `products`
--

DROP TABLE IF EXISTS `products`;
/*!40101 SET @saved_cs_client     = @@character_set_client */;
/*!50503 SET character_set_client = utf8mb4 */;
CREATE TABLE `products` (
  `id` bigint unsigned NOT NULL AUTO_INCREMENT,
  `slug` varchar(255) COLLATE utf8mb4_unicode_ci NOT NULL,
  `subcategory_id` bigint unsigned NOT NULL,
  `title` varchar(255) COLLATE utf8mb4_unicode_ci NOT NULL,
  `description` text COLLATE utf8mb4_unicode_ci,
  `special_message` text COLLATE utf8mb4_unicode_ci,
  `special_start_at` datetime DEFAULT NULL,
  `special_end_at` datetime DEFAULT NULL,
  `name` varchar(255) COLLATE utf8mb4_unicode_ci DEFAULT NULL,
  `image` varchar(255) COLLATE utf8mb4_unicode_ci DEFAULT NULL,
  `price` int unsigned DEFAULT NULL,
  `published_status` tinyint unsigned NOT NULL,
  `created_at` timestamp NULL DEFAULT NULL,
  `updated_at` timestamp NULL DEFAULT NULL,
  PRIMARY KEY (`id`)
) ENGINE=InnoDB AUTO_INCREMENT=66 DEFAULT CHARSET=utf8mb4 COLLATE=utf8mb4_unicode_ci;
/*!40101 SET character_set_client = @saved_cs_client */;

--
-- Dumping data for table `products`
--

LOCK TABLES `products` WRITE;
/*!40000 ALTER TABLE `products` DISABLE KEYS */;
INSERT INTO `products` VALUES (12,'α6400K',2,'數位單眼相機','<ul><li>2,420 萬像素 APS-C Exmor CMOS 感光元件</li><li>即時追蹤與即時眼部偵測自動對焦功能</li><li>425 點相位式偵測自動對焦點</li><li>180° 翻轉式 LCD 觸控螢幕</li><li>內建 4K 錄影功能</li><li>商品內含：ILCE-6400 數位單眼相機、SELP16502 變焦鏡頭</li><li><span style=\"color: rgb(189, 0, 0);\">此組合保固將以主機為準，鏡頭不另外保固，此組合隨附之鏡頭如需維修，還請出示主機保卡即可。</span></li><li><a style=\"color: rgb(91, 104, 236); background-color: transparent;\" rel=\"noopener noreferrer\" href=\"https://www.sony.com.tw/zh/electronics/support/e-mount-body-ilce-6000-series/ilce-6400l/downloads\">驅動程式與軟體更新</a></li><li><a style=\"color: rgb(91, 104, 236); background-color: transparent;\" rel=\"noopener noreferrer\" href=\"https://support.d-imaging.sony.co.jp/www/cscs/accessories/?mdl=ILCE-6400&amp;area=gwt&amp;lang=zh_TW\">配件相容性</a></li><li><a style=\"color: rgb(91, 104, 236); background-color: transparent;\" rel=\"noopener noreferrer\" href=\"https://support.d-imaging.sony.co.jp/www/cscs/lens_body/?mdl=ILCE-6400&amp;area=gwt&amp;lang=zh_TW\">鏡頭相容性</a></li></ul><p><br></p>',NULL,NULL,NULL,'α6400K','/storage/products/1741080494_ILCE-6400K_pi.jpg',28980,1,'2025-03-04 01:28:14','2025-06-30 01:08:19'),(13,'α1 II',2,'數位單眼相機','<ul><li>極致畫質：5,010 萬全片幅堆疊背照式感光元件</li><li>高速連拍：30 fps 支援預拍及連拍加速功能</li><li>智慧對焦：AI 智慧追蹤對焦，多元辨識目標</li><li>影像穩定：中央 8.5 級、邊角 7 級穩定拍攝效果</li><li>四軸多角度翻轉螢幕：提升拍攝彈性</li><li>8K30P、4K120P 高規格影片格式：支援 Lut 輸入/監看</li><li>支援動態積極模式的影像錄製</li><li>10 種風格外觀/S-Cinetone 快速出片</li><li>支援 AF 對焦輔助、呼吸補償、對焦圖等專業功能</li><li><a href=\"https://www.sony.com.tw/zh/electronics/support/e-mount-body-ilce-1-series/ilce-1m2/downloads\" rel=\"noopener noreferrer\" style=\"color: rgb(91, 104, 236); background-color: transparent;\">驅動程式與軟體更新</a></li><li><a href=\"https://support.d-imaging.sony.co.jp/www/cscs/accessories/?mdl=ILCE-1M2&amp;area=gwt&amp;lang=zh_TW\" rel=\"noopener noreferrer\" style=\"color: rgb(91, 104, 236); background-color: transparent;\">配件相容性</a></li><li><a href=\"https://support.d-imaging.sony.co.jp/www/cscs/lens_body/?mdl=ILCE-1M2&amp;area=gwt&amp;lang=zh_TW\" rel=\"noopener noreferrer\" style=\"color: rgb(91, 104, 236); background-color: transparent;\">鏡頭相容性</a></li><li><a href=\"https://store.sony.com.tw/spec/DM/alpha/ILCE-1M2/?cpint=Web:dsp:tw:link:202501:Store-ILCE-1M2-Product_Info&amp;utm_source=sonystore&amp;utm_medium=web&amp;utm_campaign=Product_Info-202501&amp;utm_content=Store-ILCE-1M2-Product_Info\" rel=\"noopener noreferrer\" style=\"color: rgb(91, 104, 236); background-color: transparent;\">線上型錄</a></li></ul><p><br></p>','<ul><li>3/24~3/29限時滿兩千送兩百</li><li>再送一個行動電員(市價$1980)</li></ul>','2025-03-24 00:00:00','2025-03-29 00:00:00','α1 II','/storage/products/1741080556_ILCE-1M2_pi.jpg',189980,1,'2025-03-04 01:29:16','2025-06-25 21:55:03'),(14,'Alpha ZV-E10 II 手持握把組',2,'數位單眼相機','<ul><li><span style=\"color: rgb(189, 0, 0);\">即日起至 2025/8/3 購買此系列商品並完成註冊即贈【NP-FZ100 原廠電池】乙個，詳情請見</span><a href=\"https://event.sony.com.tw/2025/06/DI/SP/\" rel=\"noopener noreferrer\" style=\"color: rgb(91, 104, 236); background-color: transparent;\">活動內容</a><span style=\"color: rgb(189, 0, 0);\">！</span></li><li>2,600 萬畫素 APS-C 片幅背照式感光元件</li><li>BIONZ XR 影像處理器</li><li>適用於動靜態的風格外觀，多達十種風格濾鏡</li><li>影音部落格設定，營造電影感畫面</li><li>積極穩定的防手震模式</li><li>直式選單，觸控操作，側翻式多角度 LCD 螢幕</li><li>內建智慧三音頭麥克風，收音清晰</li><li>一鍵切換景深、柔膚效果，產品展示功能，提供直覺操作</li><li>商品內含：ZV-E10 II 主機、SELP16502 鏡頭、GP-VPT2BT 手把、NP-FZ100 電池 (含主機內附電池，精裝組共 2 顆電池)</li><li><span style=\"color: rgb(189, 0, 0);\">此組合保固將以主機為準，鏡頭不另外保固，此組合隨附之鏡頭如需維修，還請出示主機保卡即可。</span></li><li><a href=\"https://www.sony.com.tw/zh/electronics/support/e-mount-body-zv-e-series/zv-e10m2/downloads\" rel=\"noopener noreferrer\" style=\"color: rgb(91, 104, 236); background-color: transparent;\">驅動程式與軟體更新</a></li><li><a href=\"https://support.d-imaging.sony.co.jp/www/cscs/accessories/?mdl=ZV-E10M2&amp;area=gwt&amp;lang=zh_TW\" rel=\"noopener noreferrer\" style=\"color: rgb(91, 104, 236); background-color: transparent;\">配件相容性</a></li><li><a href=\"https://support.d-imaging.sony.co.jp/www/cscs/lens_body/?mdl=ZV-E10M2&amp;area=gwt&amp;lang=zh_TW\" rel=\"noopener noreferrer\" style=\"color: rgb(91, 104, 236); background-color: transparent;\">鏡頭相容性</a></li><li><a href=\"https://store.sony.com.tw/alpha/ZV_Series/?cpint=Web:dsp:twinfo:link:ADI241023:Product-ZV-E10M2-2024_Alpha_ZV-Series&amp;utm_source=sonystore&amp;utm_medium=web&amp;utm_campaign=2024_Alpha_ZV-Series-ADI241023&amp;utm_content=Product-ZV-E10M2-2024_Alpha_ZV-Series\" rel=\"noopener noreferrer\" style=\"color: rgb(91, 104, 236); background-color: transparent;\">觀看更多創作者使用心得</a></li><li><a href=\"https://store.sony.com.tw/spec/DM/Alpha/ZV-E10M2/\" rel=\"noopener noreferrer\" style=\"color: rgb(91, 104, 236); background-color: transparent;\">ZV-E10 II 線上型錄</a></li></ul><p><br></p>',NULL,NULL,NULL,'Alpha ZV-E10 II 手持握把組','/storage/products/1741081123_ZV-E10M2K-BA_pi.jpg',36980,1,'2025-03-04 01:38:43','2025-06-25 22:00:30'),(15,'Alpha ZV-E10 II 鏡頭組',2,'數位單眼相機','<ul><li><span style=\"color: rgb(189, 0, 0);\">即日起至 2025/8/3 購買此系列商品並完成註冊即贈【NP-FZ100 原廠電池】乙個，詳情請見</span><a href=\"https://event.sony.com.tw/2025/06/DI/SP/\" rel=\"noopener noreferrer\" style=\"color: rgb(91, 104, 236); background-color: transparent;\">活動內容</a><span style=\"color: rgb(189, 0, 0);\">！</span></li><li>2,600 萬畫素 APS-C 片幅背照式感光元件</li><li>BIONZ XR 影像處理器</li><li>適用於動靜態的風格外觀，多達十種風格濾鏡</li><li>影音部落格設定，營造電影感畫面</li><li>積極穩定的防手震模式</li><li>直式選單，觸控操作，側翻式多角度 LCD 螢幕</li><li>內建智慧三音頭麥克風，收音清晰</li><li>一鍵切換景深、柔膚效果，產品展示功能，提供直覺操作</li><li>商品內含：ZV-E10 II 主機、SELP16502 鏡頭</li><li><span style=\"color: rgb(189, 0, 0);\">此組合保固將以主機為準，鏡頭不另外保固，此組合隨附之鏡頭如需維修，還請出示主機保卡即可。</span></li><li><a href=\"https://www.sony.com.tw/zh/electronics/support/e-mount-body-zv-e-series/zv-e10m2/downloads\" rel=\"noopener noreferrer\" style=\"color: rgb(91, 104, 236); background-color: transparent;\">驅動程式與軟體更新</a></li><li><a href=\"https://support.d-imaging.sony.co.jp/www/cscs/accessories/?mdl=ZV-E10M2&amp;area=gwt&amp;lang=zh_TW\" rel=\"noopener noreferrer\" style=\"color: rgb(91, 104, 236); background-color: transparent;\">配件相容性</a></li><li><a href=\"https://support.d-imaging.sony.co.jp/www/cscs/lens_body/?mdl=ZV-E10M2&amp;area=gwt&amp;lang=zh_TW\" rel=\"noopener noreferrer\" style=\"color: rgb(91, 104, 236); background-color: transparent;\">鏡頭相容性</a></li><li><a href=\"https://store.sony.com.tw/alpha/ZV_Series/?cpint=Web:dsp:twinfo:link:ADI241023:Product-ZV-E10M2-2024_Alpha_ZV-Series&amp;utm_source=sonystore&amp;utm_medium=web&amp;utm_campaign=2024_Alpha_ZV-Series-ADI241023&amp;utm_content=Product-ZV-E10M2-2024_Alpha_ZV-Series\" rel=\"noopener noreferrer\" style=\"color: rgb(91, 104, 236); background-color: transparent;\">觀看更多創作者使用心得</a></li><li><a href=\"https://store.sony.com.tw/spec/DM/Alpha/ZV-E10M2/\" rel=\"noopener noreferrer\" style=\"color: rgb(91, 104, 236); background-color: transparent;\">ZV-E10 II 線上型錄</a></li></ul><p><br></p>',NULL,NULL,NULL,'Alpha ZV-E10 II 鏡頭組','/storage/products/15/1750918053_47_c699b2753.jpg',32980,1,'2025-03-04 01:39:22','2025-06-25 22:07:33'),(16,'Alpha ZV-E10 II',2,'數位單眼相機','<ul><li><span style=\"color: rgb(189, 0, 0);\">【Sony Store Online 限定】2025/5/8~6/30 期間購買 Alpha ZV-E10 II 單機身 就送【星宇航空 City Mug 航點杯】乙個。</span><span class=\"ql-cursor\">﻿</span></li><li><span style=\"color: rgb(189, 0, 0);\">即日起至 2025/8/3 購買此系列商品並完成註冊即贈【NP-FZ100 原廠電池】乙個，詳情請見</span><a href=\"https://event.sony.com.tw/2025/06/DI/SP/\" rel=\"noopener noreferrer\" style=\"color: rgb(91, 104, 236); background-color: transparent;\">活動內容</a><span style=\"color: rgb(189, 0, 0);\">！</span></li><li>2,600 萬畫素 APS-C 片幅背照式感光元件</li><li>BIONZ XR 影像處理器</li><li>適用於動靜態的風格外觀，多達十種風格濾鏡</li><li>影音部落格設定，營造電影感畫面</li><li>積極穩定的防手震模式</li><li>直式選單，觸控操作，側翻式多角度 LCD 螢幕</li><li>內建智慧三音頭麥克風，收音清晰</li><li>一鍵切換景深、柔膚效果，產品展示功能，提供直覺操作</li><li><a href=\"https://www.sony.com.tw/zh/electronics/support/e-mount-body-zv-e-series/zv-e10m2/downloads\" rel=\"noopener noreferrer\" style=\"color: rgb(91, 104, 236); background-color: transparent;\">驅動程式與軟體更新</a></li><li><a href=\"https://support.d-imaging.sony.co.jp/www/cscs/accessories/?mdl=ZV-E10M2&amp;area=gwt&amp;lang=zh_TW\" rel=\"noopener noreferrer\" style=\"color: rgb(91, 104, 236); background-color: transparent;\">配件相容性</a></li><li><a href=\"https://support.d-imaging.sony.co.jp/www/cscs/lens_body/?mdl=ZV-E10M2&amp;area=gwt&amp;lang=zh_TW\" rel=\"noopener noreferrer\" style=\"color: rgb(91, 104, 236); background-color: transparent;\">鏡頭相容性</a></li><li><a href=\"https://store.sony.com.tw/alpha/ZV_Series/?cpint=Web:dsp:twinfo:link:ADI241023:Product-ZV-E10M2-2024_Alpha_ZV-Series&amp;utm_source=sonystore&amp;utm_medium=web&amp;utm_campaign=2024_Alpha_ZV-Series-ADI241023&amp;utm_content=Product-ZV-E10M2-2024_Alpha_ZV-Series\" rel=\"noopener noreferrer\" style=\"color: rgb(91, 104, 236); background-color: transparent;\">觀看更多創作者使用心得</a></li><li><a href=\"https://store.sony.com.tw/spec/DM/Alpha/ZV-E10M2/\" rel=\"noopener noreferrer\" style=\"color: rgb(91, 104, 236); background-color: transparent;\">ZV-E10 II 線上型錄</a></li></ul><p><br></p>',NULL,NULL,NULL,'Alpha ZV-E10 II','/storage/products/1741081245_ZV-E10M2_pi.jpg',29980,1,'2025-03-04 01:40:45','2025-06-25 22:31:32'),(31,'a9-iii',2,'數位單眼相機','<ul><li>首款內建全域快門系統的 2460 萬全片幅感光元件</li><li>搭載 AI 處理元件，實現精準多元的辨識效果</li><li>高速 120 fps、無黑屏連續拍攝</li><li>進階 5 軸 8 級光學影像穩定系統</li><li>最高可 1/80000 秒快門速度，達到閃光燈完全同步</li><li>使用預拍功能、連拍加速，幫助捕捉珍貴瞬間</li><li>實現 4K 120p 無裁切影像錄製</li><li>動態積極防震模式</li><li>新增正面自訂按鈕、配置四軸多角度翻轉螢幕</li><li><a href=\"https://www.sony.com.tw/zh/electronics/support/e-mount-body-ilce-9-series/ilce-9m3/downloads\" rel=\"noopener noreferrer\" style=\"color: rgb(91, 104, 236); background-color: transparent;\">驅動程式與軟體更新</a></li><li><a href=\"https://support.d-imaging.sony.co.jp/www/cscs/accessories/?mdl=ILCE-9M3&amp;area=gwt&amp;lang=zh_TW\" rel=\"noopener noreferrer\" style=\"color: rgb(91, 104, 236); background-color: transparent;\">配件相容性</a></li><li><a href=\"https://support.d-imaging.sony.co.jp/www/cscs/lens_body/?mdl=ILCE-9M3&amp;area=gwt&amp;lang=zh_TW\" rel=\"noopener noreferrer\" style=\"color: rgb(91, 104, 236); background-color: transparent;\">鏡頭相容性</a></li><li><a href=\"https://store.sony.com.tw/spec/DM/Alpha/ILCE-9M3/\" rel=\"noopener noreferrer\" style=\"color: rgb(91, 104, 236); background-color: transparent;\">α9 III 線上型錄</a></li></ul><p><br></p>',NULL,'2025-06-01 00:00:00','2025-06-02 00:00:00','α9 III','/storage/products/31/1750919759_01_306c55712.jpg',179980,1,'2025-06-25 22:35:59','2025-06-25 22:40:53'),(32,'a7cr',2,'數位單眼相機','<ul><li><span style=\"color: rgb(189, 0, 0);\">【Sony Store Online 限定】2025/5/8~6/30 期間購買 α7CR 就送【星宇航空 City Mug 航點杯】乙個。</span></li><li><span style=\"color: rgb(189, 0, 0);\">即日起至 2025/8/3 購買此系列商品並完成註冊即贈【NP-FZ100 原廠電池】乙個，詳情請見</span><a href=\"https://event.sony.com.tw/2025/06/DI/SP/\" rel=\"noopener noreferrer\" style=\"color: rgb(91, 104, 236); background-color: transparent;\">活動內容</a><span style=\"color: rgb(189, 0, 0);\">！</span></li><li>6100 萬像素全片幅背照式 Exmor R CMOS 感光元件</li><li>最新 BIONZ XR 影像處理器</li><li>搭載全新 AI 處理元件，實現更精準及多元目標的辨識效果，及自動取景功能</li><li>進階穩定系統，實現 5 軸 7 級防震效果</li><li>提供 4K 60p，10 位元 4:2:2 影片拍攝</li><li>支援 S-Log3 拍攝模式，並使用 S-Cinetone 輕鬆產生電影視覺效果</li><li>適用於動靜態的風格外觀，多達十種風格濾鏡</li><li>進階影片拍攝功能，包含對焦圖、呼吸補償和 AF 幫助功能</li><li>直覺靈敏的多角度觸控翻轉螢幕</li><li>隨附可拆式延伸握把，在不同鏡頭選擇下依舊可獲得最大的舒適度</li><li><a href=\"https://www.sony.com.tw/zh/electronics/support/e-mount-body-ilce-7-series/ilce-7cr/downloads\" rel=\"noopener noreferrer\" style=\"color: rgb(91, 104, 236); background-color: transparent;\">驅動程式與軟體更新</a></li><li><a href=\"https://support.d-imaging.sony.co.jp/www/cscs/accessories/?mdl=ILCE-7CR&amp;area=gwt&amp;lang=zh_TW\" rel=\"noopener noreferrer\" style=\"color: rgb(91, 104, 236); background-color: transparent;\">配件相容性</a></li><li><a href=\"https://support.d-imaging.sony.co.jp/www/cscs/lens_body/?mdl=ILCE-7CR&amp;area=gwt&amp;lang=zh_TW\" rel=\"noopener noreferrer\" style=\"color: rgb(91, 104, 236); background-color: transparent;\">鏡頭相容性</a></li><li><a href=\"https://store.sony.com.tw/spec/DM/Alpha/ILCE-7CR/\" rel=\"noopener noreferrer\" style=\"color: rgb(91, 104, 236); background-color: transparent;\">α7CR 線上型錄</a></li></ul><p><br></p>',NULL,NULL,NULL,'α7CR','/storage/products/32/1750922961_03.jpg',86980,1,'2025-06-25 23:29:21','2025-06-25 23:32:05'),(34,'a7c-ii',2,'數位單眼相機','<ul><li><span style=\"color: rgb(189, 0, 0);\">即日起至 2025/8/3 購買此系列商品並完成註冊即贈【NP-FZ100 原廠電池】乙個，詳情請見</span><a href=\"https://event.sony.com.tw/2025/06/DI/SP/\" rel=\"noopener noreferrer\" style=\"color: rgb(91, 104, 236); background-color: transparent;\">活動內容</a><span style=\"color: rgb(189, 0, 0);\">！</span></li><li>3300 萬像素全片幅背照式 Exmor R CMOS 感光元件</li><li>最新 BIONZ XR 影像處理器</li><li>搭載全新 AI 處理元件，實現更精準及多元目標的辨識效果，及自動取景功能</li><li>進階穩定系統，實現 5 軸 7 級防震效果</li><li>提供 4K 60p (S35)，10 位元 4:2:2 影片拍攝</li><li>支援 S-Log3 拍攝模式，並使用 S-Cinetone 輕鬆產生電影視覺效果</li><li>適用於動靜態的風格外觀，多達十種風格濾鏡</li><li>進階影片拍攝功能，包含對焦圖、呼吸補償和 AF 幫助功能</li><li>直覺靈敏的多角度觸控翻轉螢幕</li><li>商品內含：ILCE-7CM2 數位單眼相機、SEL2860 變焦鏡頭</li><li><span style=\"color: rgb(189, 0, 0);\">此組合保固將以主機為準，鏡頭不另外保固，此組合隨附之鏡頭如需維修，還請出示主機保卡即可。</span></li><li><a href=\"https://www.sony.com.tw/zh/electronics/support/e-mount-body-ilce-7-series/ilce-7cm2/downloads\" rel=\"noopener noreferrer\" style=\"color: rgb(91, 104, 236); background-color: transparent;\">驅動程式與軟體更新</a></li><li><a href=\"https://support.d-imaging.sony.co.jp/www/cscs/accessories/?mdl=ILCE-7CM2&amp;area=gwt&amp;lang=zh_TW\" rel=\"noopener noreferrer\" style=\"color: rgb(91, 104, 236); background-color: transparent;\">配件相容性</a></li><li><a href=\"https://support.d-imaging.sony.co.jp/www/cscs/lens_body/?mdl=ILCE-7CM2&amp;area=gwt&amp;lang=zh_TW\" rel=\"noopener noreferrer\" style=\"color: rgb(91, 104, 236); background-color: transparent;\">鏡頭相容性</a></li><li><a href=\"https://store.sony.com.tw/spec/DM/Alpha/ILCE-7CM2/\" rel=\"noopener noreferrer\" style=\"color: rgb(91, 104, 236); background-color: transparent;\">α7C II 線上型錄</a></li><li><a href=\"https://store.sony.com.tw/alpha/ILCE-7CM2/?cpint=Product_Detail:dsp:CDI240223:twec:swiper:ban:SonyStore:img:display:Site_ILCE-7CM2&amp;utm_source=sonystore&amp;utm_medium=web&amp;utm_campaign=Product_Detail-CDI240223\" rel=\"noopener noreferrer\" style=\"color: rgb(91, 104, 236); background-color: transparent;\">觀看更多創作者的精彩作品</a></li></ul><p><br></p>',NULL,NULL,NULL,'α7C II 鏡頭組','/storage/products/34/1750926227_52_d2b464951.jpg',67980,1,'2025-06-26 00:22:22','2025-06-26 00:23:47'),(35,'a6700m',2,'數位單眼相機','<ul><li><span style=\"color: rgb(189, 0, 0);\">即日起至 2025/6/1 購買此系列商品並完成註冊即贈【Sony 相機包布】乙個，詳情請見</span><a href=\"https://event.sony.com.tw/2025/04/DI/SP/\" rel=\"noopener noreferrer\" style=\"color: rgb(91, 104, 236); background-color: transparent;\">活動內容</a><span style=\"color: rgb(189, 0, 0);\">！</span></li><li>2600 萬畫素首款 APS-C 片幅背照式感光元件</li><li>最新 BIONZ XR 影像處理器</li><li>搭載全新 AI 處理元件，實現更精準及多元目標的辨識效果，及自動取景功能</li><li>單機身含電池僅 493 克的輕巧體積</li><li>支援 4K120P 及 S-Log3 拍攝模式，並具備 S-Cinetone 直出電影色調</li><li>直覺靈敏的多角度觸控翻轉螢幕</li><li>積極穩定的防手震模式</li><li>適用於動靜態的風格外觀，多達十種風格濾鏡</li><li><a href=\"https://store.sony.com.tw/spec/DM/Alpha/ILCE-6700/\" rel=\"noopener noreferrer\" style=\"color: rgb(91, 104, 236); background-color: transparent;\">α6700 線上型錄</a></li><li>商品內含：ILCE-6700 數位單眼相機、SEL18135 變焦鏡頭</li><li><span style=\"color: rgb(189, 0, 0);\">此組合保固將以主機為準，鏡頭不另外保固，此組合隨附之鏡頭如需維修，還請出示主機保卡即可。</span></li></ul><p><br></p>',NULL,NULL,NULL,'α6700MM','/storage/products/35/1750926459_01_e229d1324.jpg',51980,1,'2025-06-26 00:27:39','2025-06-30 00:25:11'),(36,'a6400',2,'數位單眼相機','<ul><li>2,420 萬像素 APS-C Exmor CMOS 感光元件</li><li>即時追蹤與即時眼部偵測自動對焦功能</li><li>425 點相位式偵測自動對焦點</li><li>180° 翻轉式 LCD 觸控螢幕</li><li>內建 4K 錄影功能</li><li><a style=\"color: rgb(91, 104, 236); background-color: transparent;\" rel=\"noopener noreferrer\" href=\"https://www.sony.com.tw/zh/electronics/support/e-mount-body-ilce-6000-series/ilce-6400/downloads\">驅動程式與軟體更新</a></li><li><a style=\"color: rgb(91, 104, 236); background-color: transparent;\" rel=\"noopener noreferrer\" href=\"https://support.d-imaging.sony.co.jp/www/cscs/accessories/?mdl=ILCE-6400&amp;area=gwt&amp;lang=zh_TW\">配件相容性</a></li><li><a style=\"color: rgb(91, 104, 236); background-color: transparent;\" rel=\"noopener noreferrer\" href=\"https://support.d-imaging.sony.co.jp/www/cscs/lens_body/?mdl=ILCE-6400&amp;area=gwt&amp;lang=zh_TW\">鏡頭相容性</a></li></ul><p><br></p>',NULL,NULL,NULL,'a6400','/storage/products/36/1750926723_CX62600_front_silver_300b9.jpg',26980,1,'2025-06-26 00:32:03','2025-06-26 00:32:03'),(37,'a7',2,'數位單眼相機','<ul><li>35mm 全片幅 Exmor™ CMOS 感光元件</li><li>全新 BIONZ X™ 高速影像處理器</li><li>全新高速混和式自動對焦系統</li><li>高對比、高解析的 XGA OLED Tru-Finder 電子觀景窗</li><li>AVCHD 漸進式 60p 錄影功能</li><li>Wi-Fi / NFC 技術</li><li><a style=\"color: rgb(91, 104, 236); background-color: transparent;\" rel=\"noopener noreferrer\" href=\"https://www.sony.com.tw/zh/electronics/support/e-mount-body-ilce-7-series/ilce-7/downloads\">驅動程式與軟體更新</a></li><li><a style=\"color: rgb(91, 104, 236); background-color: transparent;\" rel=\"noopener noreferrer\" href=\"https://support.d-imaging.sony.co.jp/www/cscs/accessories/?mdl=ILCE-7&amp;area=gwt&amp;lang=zh_TW\">配件相容性</a></li><li><a style=\"color: rgb(91, 104, 236); background-color: transparent;\" rel=\"noopener noreferrer\" href=\"https://support.d-imaging.sony.co.jp/www/cscs/lens_body/?mdl=ILCE-7&amp;area=gwt&amp;lang=zh_TW\">鏡頭相容性</a></li></ul><p><br></p>',NULL,NULL,NULL,'a7','/storage/products/37/1750926845_01_d0cce.jpg',28980,1,'2025-06-26 00:34:05','2025-06-26 00:34:05'),(38,'a9',2,'數位單眼相機','<ul><li>35mm 背照式全片幅堆疊式 CMOS 感光元件</li><li>BIONZ X™ 影像處理器</li><li>高速混合式自動對焦 (693 點相位式對焦點)</li><li>高達 20 fps 的高速連拍功能</li><li>5 軸影像穩定系統</li><li><a style=\"color: rgb(91, 104, 236); background-color: transparent;\" rel=\"noopener noreferrer\" href=\"https://www.sony.com.tw/zh/electronics/support/e-mount-body-ilce-9-series/ilce-9/downloads\">驅動程式與軟體更新</a></li><li><a style=\"color: rgb(91, 104, 236); background-color: transparent;\" rel=\"noopener noreferrer\" href=\"https://support.d-imaging.sony.co.jp/www/cscs/accessories/?mdl=ILCE-9&amp;area=gwt&amp;lang=zh_TW\">配件相容性</a></li><li><a style=\"color: rgb(91, 104, 236); background-color: transparent;\" rel=\"noopener noreferrer\" href=\"https://support.d-imaging.sony.co.jp/www/cscs/lens_body/?mdl=ILCE-9&amp;area=gwt&amp;lang=zh_TW\">鏡頭相容性</a></li></ul><p><br></p>',NULL,NULL,NULL,'a9','/storage/products/38/1750927021_CX79900_front-Large_0004e.jpg',104980,1,'2025-06-26 00:37:01','2025-06-26 00:37:01'),(39,'sel50150gm',3,'FE 50-150 mm F2 GM','<ul><li>恆定 F2 大光圈變焦鏡頭，全焦段呈現優異散景表現</li><li>涵蓋 50-150mm 焦段，適合人像拍攝</li><li>輕量化鏡頭，內變焦設計</li><li>精準、高追蹤性能的 AF 追蹤，反應迅速</li><li>搭載 4 組 XD 線性馬達</li><li>支援 120 fps 連拍&nbsp;<em style=\"color: rgb(91, 104, 236);\">3</em></li><li>專為精緻、富表現力的電影製作而設計</li><li>支援專業需求的操作性與可靠性</li></ul><p><br></p>',NULL,NULL,NULL,'SEL50150GM','/storage/products/39/1750927724_01_201301747.jpg',116980,1,'2025-06-26 00:48:44','2025-06-26 00:48:44'),(40,'sel16f18g',3,'FE 16 mm F1.8 G','<ul><li>即日起至 2025/4/27 (日)止(註冊緩衝至 2025/5/4)，凡購買(含預購) SEL16F18G 並完成註冊，即贈【Alpha 相機鏡頭包布】 乙份</li><li>出色的影像品質與超廣角</li><li>輕量化的鏡頭僅 304 克</li><li>快速精準、高追蹤性能的 AF 追蹤，配置兩顆 XD 線性馬達</li><li>優化的錄影效果，超廣角、支援呼吸效應抑制</li><li>支援專業需求的操作性與可靠性</li></ul><p><br></p>',NULL,NULL,NULL,'SEL16F18G','/storage/products/40/1750928099_01_d02134505.jpg',25980,1,'2025-06-26 00:54:59','2025-06-26 00:54:59'),(41,'sel400800g',3,'FE 400-800mm F6.3-8 G OSS','<ul><li>Sony 首顆超望遠 800mm 變焦鏡頭&nbsp;(截至 2025年 2月 Sony 調查)</li><li>內變焦設計，並可快速調整焦距</li><li>六枚 ED 鏡片及先進的光學設計，帶來優異畫質表現</li><li>雙線性馬達帶來快速、安靜的自動對焦</li><li>可搭配 SEL14TC、SEL20TC 相容增距鏡使用</li></ul><p><br></p>',NULL,NULL,NULL,'SEL400800G','/storage/products/41/1750928287_03_f0abb3504.jpg',85980,1,'2025-06-26 00:58:07','2025-06-26 00:58:08'),(42,'sel2870gm',3,'FE 28-70mm F2 GM','<ul><li>恆定 F2 最大光圈</li><li>涵蓋多種拍攝需求的 28-70mm 焦段</li><li>媲美定焦鏡的解像能力及散景表現&nbsp;<em style=\"color: rgb(91, 104, 236);\">1</em></li><li>4 顆 XD 線性馬達帶來快速、安靜的自動對焦</li><li>918g 輕量化設計，並具備理想平衡讓拍攝更舒適</li></ul><p><br></p>',NULL,NULL,NULL,'SEL2870GM','/storage/products/42/1750928477_01_004813439.jpg',92980,1,'2025-06-26 01:01:17','2025-06-26 01:01:18'),(43,'sel85f14gm2',3,'FE 85mm F1.4 GM II','<ul><li><span style=\"color: rgb(189, 0, 0);\">【Sony Store Online 限定】2025/5/8~6/30 期間購買 SEL85F14GM2 就送【星宇航空 City Mug 航點杯】乙個。</span></li><li>完美融合高解析度和迷人散景表現</li><li>2 個 XD 線性馬達帶來快速準確的自動對焦</li><li>使用奈米抗反射 (AR) 鍍膜 II 降低耀光與鬼影</li><li>僅 642 克。較 FE 85 mm F1.4 GM 輕約 20%</li><li>錄影相關功能進化</li></ul><p><br></p>',NULL,NULL,NULL,'SEL85F14GM2','/storage/products/43/1750928673_01-01_b1ba62430.jpg',54980,1,'2025-06-26 01:04:33','2025-06-26 01:04:34'),(44,'selp16502',3,'E PZ 16-50mm F3.5-5.6 OSS II','<ul><li>適合日常靜態影像與影片拍攝</li><li>優異光學性能</li><li>線性馬達支援高速連拍</li><li>內建光學防手震</li><li>小巧輕量，僅 107g</li></ul><p><br></p>',NULL,NULL,NULL,'SELP16502','/storage/products/44/1750928847_01_f01844430.jpg',10880,1,'2025-06-26 01:07:27','2025-06-26 01:07:27'),(45,'sel1625g',3,'FE 16-25mm F2.8 G','<ul><li>輕巧的高性能 16-25mm 廣角變焦 G 系列鏡頭</li><li>4 枚非球面 3 枚 ED 鏡片，帶來令人驚嘆的解析度</li><li>F2.8 大光圈和 11 葉片光圈，呈現平滑的散景</li><li>出色的對焦速度、可靠的追蹤和安靜的運作</li><li>結合獨立對焦、變焦和光圈環，提供完整的操作性</li></ul><p><br></p>',NULL,NULL,NULL,'SEL1625G','/storage/products/45/1750929201_01_f36b00304.jpg',38980,1,'2025-06-26 01:13:21','2025-06-26 01:13:21'),(46,'sel2450g',3,'FE 24-50mm F2.8 G','<ul><li>輕巧的高性能 24-50mm 標準變焦 G 系列鏡頭</li><li>4 枚非球面 2 枚 ED 鏡片，帶來令人驚嘆的解析度</li><li>F2.8 大光圈和 11 葉片光圈，呈現平滑的散景</li><li>出色的對焦速度、可靠的追蹤和安靜的運作</li><li>結合獨立對焦、變焦和光圈環，提供完整的操作性</li></ul><p><br></p>',NULL,NULL,NULL,'SEL2450G','/storage/products/46/1750929522_01_e65210241.jpg',35980,1,'2025-06-26 01:18:42','2025-06-26 01:18:42'),(47,'bc-zd1',12,'NP-FZ100 電池充電器','<ul><li>可同時充電兩顆 NP-FZ100 的電池充電器</li><li>對兩節 NP-FZ100 電池同時進行 155 分鐘的快速充電</li><li>充電狀態指示燈</li><li>輕巧便攜</li><li>安全操作</li><li><span style=\"color: rgb(0, 102, 204);\">本商品不含充電電池</span></li><li><a style=\"color: rgb(91, 104, 236); background-color: transparent;\" rel=\"noopener noreferrer\" href=\"https://support.d-imaging.sony.co.jp/www/cscs/accessories/index.php?lang=ct&amp;area=ap&amp;mdl=BC-ZD1\">配件相容性資訊</a></li></ul><p><br></p>',NULL,NULL,NULL,'BC-ZD1','/storage/products/47/1750929698_01_b0eca3602.jpg',3980,1,'2025-06-26 01:21:38','2025-06-26 01:21:39'),(48,'vg-c5',12,'垂直手把','<ul><li>提供與 α9 III 機身握把相同的握持感與控制方式</li><li>可裝載兩顆 NP-FZ100 電池進行長時間拍攝</li><li>防塵防滴設計</li><li>鎂合金外框具備高耐用性</li><li><a style=\"color: rgb(91, 104, 236); background-color: transparent;\" rel=\"noopener noreferrer\" href=\"http://support.d-imaging.sony.co.jp/www/cscs/accessories/index.php?lang=ct&amp;area=ap&amp;mdl=VG-C5\">配件相容性資訊</a></li></ul><p><br></p>',NULL,NULL,NULL,'VG-C5','/storage/products/48/1750929837_01_a015d2421.jpg',12980,1,'2025-06-26 01:23:57','2025-06-26 01:23:57'),(49,'npa-mqz1k',12,'多功能電池轉接器組','<ul><li>供應電源至 Z 或 W 系列電池相容的相機</li><li>可選擇電源供應或電池充電</li><li>靈活設定不同拍攝場景</li><li><a style=\"color: rgb(91, 104, 236); background-color: transparent;\" rel=\"noopener noreferrer\" href=\"https://support.d-imaging.sony.co.jp/www/cscs/accessories/?mdl=NPA-MQZ1K&amp;area=gwt&amp;lang=zh_TW\">配件相容性資訊</a></li></ul><p><br></p>',NULL,NULL,NULL,'NPA-MQZ1K','/storage/products/49/1750929927_VX9416_e007d.jpg',11980,1,'2025-06-26 01:25:27','2025-06-26 01:25:27'),(50,'zv-1-ii',41,'數位相機','<ul><li><span style=\"color: rgb(189, 0, 0);\">【Sony Store Online 限定】2025/5/8~6/30 期間購買 Digital Camera ZV-1 II 系列 就送【星宇航空 City Mug 航點杯】乙個。</span></li><li><span style=\"color: rgb(189, 0, 0);\">即日起至 2025/8/3 購買此系列商品並完成註冊即贈【NP-BX1 原廠電池】乙個，詳情請見</span><a href=\"https://event.sony.com.tw/2025/06/DI/SP/\" rel=\"noopener noreferrer\" style=\"color: rgb(91, 104, 236); background-color: transparent;\">活動內容</a><span style=\"color: rgb(189, 0, 0);\">！</span></li><li>18-50mm 廣角變焦鏡頭</li><li>內建智慧三音頭麥克風，收音更清晰</li><li>Cinematic Vlog Setting 影音部落格設定，營造電影感畫面</li><li>點選螢幕輕鬆調整亮度和色彩，直覺操作</li><li>側翻式多角度 LCD 螢幕，輕巧便攜</li><li>錄影柔膚效果、臉部優先自動曝光</li><li>觸控操作、散景切換和產品展示設定，輕鬆創作影音內容</li><li>商品內含：ZV-1M2 主機、<a href=\"https://store.sony.com.tw/product/GP-VPT2BT\" rel=\"noopener noreferrer\" style=\"color: rgb(91, 104, 236); background-color: transparent;\">GP-VPT2BT</a>&nbsp;黑色手把(保固12 個月)、<a href=\"https://store.sony.com.tw/product/NP-BX1\" rel=\"noopener noreferrer\" style=\"color: rgb(91, 104, 236); background-color: transparent;\">NP-BX1</a>(含主機內附電池，精裝組共 2 顆電池，電池無保固)</li><li><a href=\"https://www.sony.com.tw/zh/electronics/support/compact-cameras-zv-series/zv-1m2/downloads\" rel=\"noopener noreferrer\" style=\"color: rgb(91, 104, 236); background-color: transparent;\">驅動程式與軟體更新</a></li><li><a href=\"https://support.d-imaging.sony.co.jp/www/cscs/accessories/?mdl=ZV-1M2&amp;area=gwt&amp;lang=zh_TW\" rel=\"noopener noreferrer\" style=\"color: rgb(91, 104, 236); background-color: transparent;\">配件相容性資訊</a></li><li><a href=\"https://store.sony.com.tw/spec/DM/ZV-1M2/\" rel=\"noopener noreferrer\" style=\"color: rgb(91, 104, 236); background-color: transparent;\">Digital Camera ZV-1 II 線上型錄</a></li><li><a href=\"https://store.sony.com.tw/alpha/ZV_Series/?cpint=Web:dsp:twinfo:link:ADI241023:Product-ZV-1M2-2024_Alpha_ZV-Series&amp;utm_source=sonystore&amp;utm_medium=web&amp;utm_campaign=2024_Alpha_ZV-Series-ADI241023&amp;utm_content=Product-ZV-1M2-2024_Alpha_ZV-Series\" rel=\"noopener noreferrer\" style=\"color: rgb(91, 104, 236); background-color: transparent;\">觀看更多創作者使用心得</a></li></ul><p><br></p>',NULL,NULL,NULL,'ZV-1 II 手持握把組合','/storage/products/50/1750932089_19_e3e674909.jpg',26980,1,'2025-06-26 01:59:32','2025-06-26 02:01:29'),(51,'digital-camera-zv-1-ii',41,'數位相機','<ul><li><span style=\"color: rgb(189, 0, 0);\">【Sony Store Online 限定】2025/5/8~6/30 期間購買 Digital Camera ZV-1 II 系列 就送【星宇航空 City Mug 航點杯】乙個。</span></li><li><span style=\"color: rgb(189, 0, 0);\">即日起至 2025/8/3 購買此系列商品並完成註冊即贈【NP-BX1 原廠電池】乙個，詳情請見</span><a style=\"color: rgb(91, 104, 236); background-color: transparent;\" rel=\"noopener noreferrer\" href=\"https://event.sony.com.tw/2025/06/DI/SP/\">活動內容</a><span style=\"color: rgb(189, 0, 0);\">！</span></li><li>18-50mm 廣角變焦鏡頭</li><li>內建智慧三音頭麥克風，收音更清晰</li><li>Cinematic Vlog Setting 影音部落格設定，營造電影感畫面</li><li>點選螢幕輕鬆調整亮度和色彩，直覺操作</li><li>側翻式多角度 LCD 螢幕，輕巧便攜</li><li>錄影柔膚效果、臉部優先自動曝光</li><li>觸控操作、散景切換和產品展示設定，輕鬆創作影音內容</li><li><a style=\"color: rgb(91, 104, 236); background-color: transparent;\" rel=\"noopener noreferrer\" href=\"https://www.sony.com.tw/zh/electronics/support/compact-cameras-zv-series/zv-1m2/downloads\">驅動程式與軟體更新</a></li><li><a style=\"color: rgb(91, 104, 236); background-color: transparent;\" rel=\"noopener noreferrer\" href=\"https://support.d-imaging.sony.co.jp/www/cscs/accessories/?mdl=ZV-1M2&amp;area=gwt&amp;lang=zh_TW\">配件相容性資訊</a></li><li><a style=\"color: rgb(91, 104, 236); background-color: transparent;\" rel=\"noopener noreferrer\" href=\"https://store.sony.com.tw/spec/DM/ZV-1M2/\">Digital Camera ZV-1 II 線上型錄</a></li><li><a style=\"color: rgb(91, 104, 236); background-color: transparent;\" rel=\"noopener noreferrer\" href=\"https://store.sony.com.tw/alpha/ZV_Series/?cpint=Web:dsp:twinfo:link:ADI241023:Product-ZV-1M2-2024_Alpha_ZV-Series&amp;utm_source=sonystore&amp;utm_medium=web&amp;utm_campaign=2024_Alpha_ZV-Series-ADI241023&amp;utm_content=Product-ZV-1M2-2024_Alpha_ZV-Series\">觀看更多創作者使用心得</a></li></ul><p><br></p>',NULL,NULL,NULL,'Digital Camera ZV-1 II','/storage/products/51/1750932233_20_914e12614.jpg',22980,1,'2025-06-26 02:03:53','2025-06-26 02:03:53'),(52,'rx100-vii',43,'Cyber-shot 數位相機','<ul><li>24-200mm，F2.8-4.5 高解析變焦鏡頭</li><li>高速混合式自動對焦(357 點相位式及 425 點對比式對焦點)</li><li>0.02 秒高速自動對焦</li><li>最高 20 fps 無黑屏高速連拍功能</li><li>人眼 / 動物眼自動偵測對焦功能</li><li>4K HDR 錄製模式</li><li>支援錄影眼部偵測自動對焦</li><li>觸控對焦 / 觸控快門 / 觸控追蹤功能</li><li>支援麥克風插孔</li><li><a style=\"color: rgb(91, 104, 236); background-color: transparent;\" rel=\"noopener noreferrer\" href=\"https://www.sony.com.tw/zh/electronics/support/compact-cameras-dsc-rx-series/dsc-rx100m7/downloads\">驅動程式與軟體更新</a></li></ul><p><br></p>',NULL,NULL,NULL,'RX100 VII','/storage/products/52/1750932531_CX64210_EVF_Flash-Large_e0244.jpg',34980,1,'2025-06-26 02:08:51','2025-06-26 02:08:52'),(53,'rx0-ii',43,'Cyber-shot 數位相機','<ul><li>一吋堆疊式 Exmor RS CMOS 感光元件</li><li>BIONZ X 影像處理器</li><li>24mm F4.0 蔡司定焦鏡頭</li><li>防水、防塵、防震、抗壓*</li><li>180 度可翻轉式 LCD 螢幕</li><li>內建 EIS 影像防震技術</li><li>支援 4K 30p 錄影</li><li><a href=\"https://www.sony.com.tw/zh/electronics/support/compact-cameras-dsc-rx-series/dsc-rx0m2/downloads\" rel=\"noopener noreferrer\" style=\"color: rgb(91, 104, 236); background-color: transparent;\">驅動程式與軟體更新</a></li></ul><p><br></p>',NULL,NULL,NULL,'RX0 II','/storage/products/53/1750932925_CX64010_front_40aed.jpg',17980,1,'2025-06-26 02:12:04','2025-06-26 02:15:25'),(54,'wh-1000xm6',24,'HD 無線降噪耳機','<ul><li>全新處理器，降噪再革新</li><li>葛萊美獎大師級調音</li><li>12 個麥克風，最佳化收音體驗</li><li>多樣智慧功能，感受更豐富</li><li>可摺疊設計，精準耐用</li><li>輕巧收納盒，搭配磁扣開關</li></ul><p><br></p>','<ul><li><span style=\"color: rgb(189, 0, 0);\">即日起至 2025/7/13 期間購買 WH-1000XM6 並上網註冊和問卷填寫，送【好禮即享券2.0 $500】，請參考</span><a style=\"color: rgb(91, 104, 236); background-color: transparent;\" rel=\"noopener noreferrer\" href=\"https://event.sony.com.tw/2025/05/1000X/?cpint=EC_Banner:dsp:EVS250425:twec:act:ban:SonyStore:img_sqr_std:display:Event_202505_1000X&amp;utm_source=sonystore&amp;utm_medium=web&amp;utm_campaign=EC_Banner-EVS250425\">活動頁面</a><span style=\"color: rgb(189, 0, 0);\">*須於 2025/7/20 前完成註冊和問卷。</span></li></ul><p><br></p>','2025-06-26 18:20:42','2025-07-13 00:00:00','WH-1000XM6','/storage/products/54/1750933265_12_302d81846.jpg',13900,1,'2025-06-26 02:21:05','2025-06-26 02:21:06'),(55,'wf-1000xm5',24,'真無線降噪耳機','<ul><li><span style=\"color: rgb(189, 0, 0);\">2025/5/27~7/27 期間登記抽【OPENTIX 紅利點數】，完成 LINE 綁定加碼抽【WF-1000XM5 真無線降噪耳機】，詳情請參考</span><a style=\"color: rgb(91, 104, 236); background-color: transparent;\" rel=\"noopener noreferrer\" href=\"https://event.sony.com.tw/2025/05/OPENTIX/\">「仲夏音樂祭」</a><span style=\"color: rgb(189, 0, 0);\">活動網頁</span></li><li>領先業界的降噪功能，搭載兩部高性能處理器和雙饋麥克風</li><li>特殊設計驅動單體帶來卓越音質</li><li>搭載骨傳導感應器和 (使用 AI 的) 雜訊抑制系統，帶給您卓越的無噪音通話</li><li>符合人體工學的高階設計，帶給您穩定舒適的貼耳感</li><li>防水設計和長效電池續航力，適合日常使用</li><li><a style=\"color: rgb(91, 104, 236); background-color: transparent;\" rel=\"noopener noreferrer\" href=\"https://www.sony.com.tw/zh/electronics/support/wireless-headphones-bluetooth-headphones/wf-1000xm5/downloads\">驅動程式與軟體更新</a></li></ul><p><br></p>','<ul><li><span style=\"color: rgb(189, 0, 0);\">即日起至 2025/8/10 購買 WF-1000XM5 系列耳機</span></li><li><span style=\"color: rgb(189, 0, 0);\">- 贈送【全家禮物卡 200 元】！</span></li><li><span style=\"color: rgb(189, 0, 0);\">- 上網註冊和問卷填寫，再送【好禮即享券2.0】，詳情請見</span><a style=\"color: rgb(91, 104, 236); background-color: transparent;\" rel=\"noopener noreferrer\" href=\"https://event.sony.com.tw/2025/06/Summer/register.asp\">「夏日悠活好時光」</a><span style=\"color: rgb(189, 0, 0);\">！</span></li></ul><p><br></p>','2025-06-26 00:00:00','2025-08-10 00:00:00','WF-1000XM5','/storage/products/55/1750933594_07_a3f1a2124.jpg',7490,1,'2025-06-26 02:26:34','2025-06-29 23:45:21'),(56,'wh-1000xm5',24,'HD 無線降噪耳機','<ul><li><span style=\"color: rgb(189, 0, 0);\">即日起至 2025/8/10 購買 WH-1000XM5 系列耳機</span></li><li><span style=\"color: rgb(189, 0, 0);\">- 贈送【全家禮物卡300元】！</span></li><li><span style=\"color: rgb(189, 0, 0);\">- 上網註冊和問卷填寫，再送【好禮即享券2.0】，詳情請見</span><a style=\"color: rgb(91, 104, 236); background-color: transparent;\" rel=\"noopener noreferrer\" href=\"https://event.sony.com.tw/2025/06/Summer/register.asp\">「夏日悠活好時光」</a><span style=\"color: rgb(189, 0, 0);\">！</span></li><li><span style=\"color: rgb(189, 0, 0);\">2025/5/27~7/27 期間登記抽【OPENTIX 紅利點數】，完成 LINE 綁定加碼抽【WF-1000XM5 真無線降噪耳機】，詳情請參考</span><a style=\"color: rgb(91, 104, 236); background-color: transparent;\" rel=\"noopener noreferrer\" href=\"https://event.sony.com.tw/2025/05/OPENTIX/\">「仲夏音樂祭」</a><span style=\"color: rgb(189, 0, 0);\">活動網頁</span></li><li>HD 降噪處理器 QN1 和 V1 整合處理器，打造無干擾的聆聽體驗</li><li>全自動個人降噪最佳化功能與氣壓優化技術</li><li>30mm 特殊設計驅動單體創造超凡音質</li><li>2x2 波束成形麥克風和 AI 減噪系統實現卓越的無噪音通話</li><li>超舒適輕量的「柔軟貼合皮革」</li><li><a style=\"color: rgb(91, 104, 236); background-color: transparent;\" rel=\"noopener noreferrer\" href=\"https://www.sony.com.tw/zh/electronics/support/wireless-headphones-bluetooth-headphones/wh-1000xm5/downloads\">驅動程式與軟體更新</a></li></ul><p><br></p>',NULL,NULL,NULL,'WH-1000XM5','/storage/products/56/1750934093_WH-1000XM5_pi.jpg',9900,1,'2025-06-26 02:34:53','2025-06-26 02:34:53'),(57,'linkbuds-speaker',9,'防水藍牙喇叭','<ul><li>IPX4 防水等級</li><li>優秀的撥放與通話音質</li><li>與相容耳機無縫切換</li></ul><p><br></p>','<ul><li><span style=\"color: rgb(189, 0, 0);\">即日起至 2025/8/10 購買即享指定LinkBuds耳機合購優惠，詳情請見</span><a href=\"https://event.sony.com.tw/2025/06/Summer/plus.asp#linkbuds\" rel=\"noopener noreferrer\" style=\"color: rgb(91, 104, 236); background-color: transparent;\">「夏日悠活好時光」</a><span style=\"color: rgb(189, 0, 0);\">！</span></li></ul>','2025-06-26 18:40:56','2025-08-10 00:00:00','LinkBuds Speaker','/storage/products/57/1750934463_01_107871938.jpg',5990,1,'2025-06-26 02:41:03','2025-06-30 00:19:59'),(58,'cmt-x3cd',40,'藍牙 All-in-One 家用音響','<ul><li>藍牙 / NFC 一觸即聽</li><li>支援多種音訊輸入來源 CD / FM / USB (MP3&amp;WMA)</li><li>總輸出功率 20W</li></ul><p><br></p>',NULL,NULL,NULL,'CMT-X3CD','/storage/products/58/1750934643_1-gallery_302dd.jpeg',4690,1,'2025-06-26 02:44:03','2025-06-30 00:20:23'),(59,'zs-ps50',5,'USB 手提音響','<ul><li>ALL IN ONE 音樂播放功能</li><li>記憶三組最愛電台</li></ul><p><br></p>',NULL,NULL,NULL,'ZS-PS50','/storage/products/59/1750934878_ZS-PS50_Black_700de.jpg',3990,1,'2025-06-26 02:47:58','2025-06-30 00:20:57'),(60,'wf-1000xm4',24,'真無線降噪耳機','<ul><li>Sony 首款符合 HiRes Wireless 標準的真無線耳機</li><li>支援 LDAC 傳輸協定，提供高品質音樂</li><li>全新整合處理器 V1，提升主動降噪效能</li><li>全新噪音隔離耳塞，提升被動降噪效果</li><li>更清晰的通話品質</li><li>自然的環境聲表現</li><li>IPX4 防水等級&nbsp;<em style=\"color: rgb(91, 104, 236);\">8</em></li><li>支援快速充電、無線充電</li><li>*<a style=\"color: rgb(91, 104, 236); background-color: transparent;\" rel=\"noopener noreferrer\" href=\"https://www.sony.com.tw/zh/electronics/support/articles/00262453\">耳塞保養祕訣</a>：請使用乾布擦拭髒污，請勿使用酒精或濕紙巾，會加速耳塞的耗損程度。</li><li><a style=\"color: rgb(91, 104, 236); background-color: transparent;\" rel=\"noopener noreferrer\" href=\"https://www.sony.com.tw/zh/electronics/support/wireless-headphones-bluetooth-headphones/wf-1000xm4/downloads\">驅動程式與軟體更新</a></li></ul><p><br></p>',NULL,NULL,NULL,'WF-1000XM4','/storage/products/60/1751267274_01_f10b84408.jpg',7990,1,'2025-06-29 23:07:54','2025-06-29 23:07:55'),(61,'wf-c710n',44,'真無線耳機','<ul><li>雙麥克風設計，降噪大進化</li><li>單次使用 8.5 小時，共可用 30 小時</li><li>AI DNN 技術，提升通話品質</li><li>升級觸控操作，操作更便利</li><li>具配戴偵測及單邊使用功能</li><li>APP 智慧功能，DSEE 搭配等化器有效提升音質</li></ul><p><br></p>',NULL,NULL,NULL,'WF-C710N','/storage/products/61/1751267541_11_525170321.jpg',3290,1,'2025-06-29 23:12:21','2025-06-29 23:45:33'),(62,'linkbuds-fit',44,'LinkBuds Fit','<ul><li>降噪功能搭配環境音模式，串連您的線上世界和現實生活</li><li>極小，輕巧，極致貼合</li><li>清晰地接聽電話和聆聽音樂</li><li>5.5 小時電池續航力，含充電盒共 21 小時，支援快速充電</li><li>IPX4 等級防潑灑與防汗水</li></ul><p><br></p>','<ul><li><span style=\"color: rgb(189, 0, 0);\">即日起至 2025/8/10 購買此系列商品並上網註冊和問卷填寫，送【好禮即享券2.0】，詳情請見</span><a href=\"https://event.sony.com.tw/2025/06/Summer/register.asp\" rel=\"noopener noreferrer\" style=\"color: rgb(91, 104, 236); background-color: transparent;\">「夏日悠活好時光」</a><span style=\"color: rgb(189, 0, 0);\">*須於2025/8/17 前完成註冊和問卷！</span></li></ul><p><br></p>','2025-06-30 15:39:20','2025-08-10 00:00:00','LinkBuds Fit','/storage/products/62/1751269168_13-1_d24292855.jpg',6190,1,'2025-06-29 23:39:28','2025-06-29 23:45:41'),(63,'ht-ax7',9,'帶著走的環繞音響','<ul><li>空間音效可在您想要的任何地方創造環繞音效體驗</li><li>播放完美的派對曲調或提供背景音樂</li><li>完美融入室內裝潢並兼具時尚感</li><li>具備強力音效的小型揚聲器</li><li>使用 Sony | Home Entertainment Connect 應用程式進行直覺化控制</li><li>Sony 的家庭音響產品在設計時皆將環境因素納入考量</li></ul><p><br></p>','<ul><li><span style=\"color: rgb(189, 0, 0);\">即日起至 2025/8/10 購買此系列商品並上網註冊和問卷填寫，送【好禮即享券2.0】，詳情請見</span><a style=\"color: rgb(91, 104, 236); background-color: transparent;\" rel=\"noopener noreferrer\" href=\"https://event.sony.com.tw/2025/06/Summer/register.asp\">「夏日悠活好時光」</a><span style=\"color: rgb(189, 0, 0);\">*須於2025/8/17 前完成註冊和問卷！</span></li></ul><p><br></p>','2025-06-30 16:05:13','2025-08-10 00:00:00','HT-AX7','/storage/products/63/1751270721_01-1_f15dd3429.jpg',15900,1,'2025-06-30 00:05:21','2025-06-30 00:05:21'),(64,'srs-xb43',9,'藍芽喇叭','<ul><li>EXTRA BASS™ 重低音強化音效與 LIVE SOUND 現場模式</li><li>X 型平衡單體加上獨力高音單體帶來深沉低音以及細膩高頻</li><li>電池續航力長達 24 小時</li><li>防水防塵 (IP67 等級)</li><li>支援行動裝置充電功能</li><li>Fiestable app 可添加播放樂趣</li><li><a style=\"color: rgb(91, 104, 236); background-color: transparent;\" rel=\"noopener noreferrer\" href=\"http://go.sony.tw/2021ExtraBassOnlineDM\">EXTRA BASS 線上型錄</a></li><li><a style=\"color: rgb(91, 104, 236); background-color: transparent;\" rel=\"noopener noreferrer\" href=\"https://www.sony.com.tw/zh/electronics/support/wireless-headphones-bluetooth-headphones/srs-xb43/downloads\">驅動程式與軟體更新</a></li></ul><p><br></p>',NULL,NULL,NULL,'SRS-XB43','/storage/products/64/1751270955_SRS_XB43_Blue_front-Large_800c0.jpg',6990,1,'2025-06-30 00:09:15','2025-06-30 00:09:15'),(65,'srs-xb100',9,'防水藍牙喇叭','<ul><li>274g 超輕巧機身，便攜掛繩設計</li><li>被動式振膜實現強勁低音</li><li>DSP 技術創造驚艷的環繞音效</li><li>迴音消除提升通話品質</li><li>16 小時超長續航 Type-C 充電</li><li>IP67 等級防水防塵</li></ul><p><br></p>',NULL,NULL,NULL,'SRS-XB100','/storage/products/65/1751271256_07_f7bc42702.jpg',1890,1,'2025-06-30 00:14:16','2025-06-30 00:14:16');
/*!40000 ALTER TABLE `products` ENABLE KEYS */;
UNLOCK TABLES;

--
-- Table structure for table `return_items`
--

DROP TABLE IF EXISTS `return_items`;
/*!40101 SET @saved_cs_client     = @@character_set_client */;
/*!50503 SET character_set_client = utf8mb4 */;
CREATE TABLE `return_items` (
  `id` bigint unsigned NOT NULL AUTO_INCREMENT,
  `return_id` bigint unsigned NOT NULL,
  `order_item_id` bigint unsigned NOT NULL,
  `name` varchar(255) COLLATE utf8mb4_unicode_ci NOT NULL,
  `unit_price` int NOT NULL,
  `quantity` int NOT NULL,
  `subtotal` int NOT NULL,
  `deduct` int NOT NULL DEFAULT '0',
  `final_refund` int NOT NULL,
  `reason` text COLLATE utf8mb4_unicode_ci,
  `description` text COLLATE utf8mb4_unicode_ci,
  `created_at` timestamp NULL DEFAULT NULL,
  `updated_at` timestamp NULL DEFAULT NULL,
  PRIMARY KEY (`id`),
  KEY `return_items_return_id_foreign` (`return_id`),
  CONSTRAINT `return_items_return_id_foreign` FOREIGN KEY (`return_id`) REFERENCES `returns` (`id`) ON DELETE CASCADE
) ENGINE=InnoDB AUTO_INCREMENT=54 DEFAULT CHARSET=utf8mb4 COLLATE=utf8mb4_unicode_ci;
/*!40101 SET character_set_client = @saved_cs_client */;

--
-- Dumping data for table `return_items`
--

LOCK TABLES `return_items` WRITE;
/*!40000 ALTER TABLE `return_items` DISABLE KEYS */;
/*!40000 ALTER TABLE `return_items` ENABLE KEYS */;
UNLOCK TABLES;

--
-- Table structure for table `returns`
--

DROP TABLE IF EXISTS `returns`;
/*!40101 SET @saved_cs_client     = @@character_set_client */;
/*!50503 SET character_set_client = utf8mb4 */;
CREATE TABLE `returns` (
  `id` bigint unsigned NOT NULL AUTO_INCREMENT,
  `order_id` bigint unsigned NOT NULL,
  `return_number` varchar(255) COLLATE utf8mb4_unicode_ci DEFAULT NULL,
  `total_subtotal` int NOT NULL DEFAULT '0',
  `total_refund_amount` int NOT NULL DEFAULT '0',
  `total_deduct_amount` int NOT NULL DEFAULT '0',
  `status` varchar(255) COLLATE utf8mb4_unicode_ci NOT NULL DEFAULT 'pending',
  `refund_method` varchar(255) COLLATE utf8mb4_unicode_ci DEFAULT NULL,
  `created_at` timestamp NULL DEFAULT NULL,
  `updated_at` timestamp NULL DEFAULT NULL,
  PRIMARY KEY (`id`),
  UNIQUE KEY `returns_return_number_unique` (`return_number`),
  KEY `returns_order_id_foreign` (`order_id`),
  CONSTRAINT `returns_order_id_foreign` FOREIGN KEY (`order_id`) REFERENCES `orders` (`id`) ON DELETE CASCADE
) ENGINE=InnoDB AUTO_INCREMENT=51 DEFAULT CHARSET=utf8mb4 COLLATE=utf8mb4_unicode_ci;
/*!40101 SET character_set_client = @saved_cs_client */;

--
-- Dumping data for table `returns`
--

LOCK TABLES `returns` WRITE;
/*!40000 ALTER TABLE `returns` DISABLE KEYS */;
/*!40000 ALTER TABLE `returns` ENABLE KEYS */;
UNLOCK TABLES;

--
-- Table structure for table `stores`
--

DROP TABLE IF EXISTS `stores`;
/*!40101 SET @saved_cs_client     = @@character_set_client */;
/*!50503 SET character_set_client = utf8mb4 */;
CREATE TABLE `stores` (
  `id` bigint unsigned NOT NULL AUTO_INCREMENT,
  `store_name` varchar(255) CHARACTER SET utf8mb4 COLLATE utf8mb4_unicode_ci NOT NULL,
  `address` varchar(255) CHARACTER SET utf8mb4 COLLATE utf8mb4_unicode_ci DEFAULT NULL,
  `opening_hours` varchar(255) CHARACTER SET utf8mb4 COLLATE utf8mb4_unicode_ci DEFAULT NULL,
  `contact_number` varchar(255) CHARACTER SET utf8mb4 COLLATE utf8mb4_unicode_ci DEFAULT NULL,
  `image` varchar(255) CHARACTER SET utf8mb4 COLLATE utf8mb4_unicode_ci DEFAULT NULL,
  `is_enabled` tinyint(1) NOT NULL DEFAULT '1',
  `store_type` tinyint unsigned NOT NULL,
  `created_at` timestamp NULL DEFAULT NULL,
  `updated_at` timestamp NULL DEFAULT NULL,
  PRIMARY KEY (`id`)
) ENGINE=InnoDB AUTO_INCREMENT=383 DEFAULT CHARSET=utf8mb4 COLLATE=utf8mb4_unicode_ci;
/*!40101 SET character_set_client = @saved_cs_client */;

--
-- Dumping data for table `stores`
--

LOCK TABLES `stores` WRITE;
/*!40000 ALTER TABLE `stores` DISABLE KEYS */;
INSERT INTO `stores` VALUES (134,'Sony 行動通訊台中臺灣大道專賣店','台中市西屯區臺灣大道二段690號','週一~週五 : 11:00~21:00\r\n週六~週日 : 11:00~22:00','04-3501-1128','/storage/sony/stores/行動通訊台中台灣大道_31f3a3322.jpg',1,1,NULL,'2025-01-02 22:24:20'),(135,'Sony 行動通訊沙鹿中山專賣店','台中市沙鹿區中山路319號','週一~週五 : 11:00~21:00\n                                \n                                    週六~週日 : 11:00~21:00','04-2665-2567','/storage/sony/stores/8_8057073000_d00074635.jpg',1,1,NULL,NULL),(136,'Sony 行動通訊台北復興專賣店','台北市大安區復興南路2段84-3號','週一~週五 : 11:30~20:30\n                                \n                                    週六~週日 : 11:30~20:30','02-2755-3989','/storage/sony/stores/3_8057071000_200024049.jpg',1,1,NULL,NULL),(137,'Sony 行動通訊台南民族專賣店','台南市中西區民族路二段12號','週一~週五 : 11:00~21:30\n                                \n                                    週六~週日 : 11:00~21:30','06-224-3001','/storage/sony/stores/15_8057079000_2000e5202.jpg',1,1,NULL,NULL),(138,'Sony 行動通訊屏東博愛專賣店','屏東縣屏東市博愛路336號','週一~週五 : 11:30~21:00\n                                \n                                    週六~週日 : 11:30~21:00','08-7327834','/storage/sony/stores/圖片3_707443416.jpg',1,1,NULL,NULL),(139,'永順錩(首錩電器)','桃園市桃園區中正路397號1樓66','電洽','03-337-1179','/storage/sony/stores/1530.jpg',1,1,NULL,'2024-12-24 01:28:33'),(140,'Sony 行動通訊桃園站前專賣店','桃園市桃園區民生路16號1樓','週一~週五 : 11:00~21:20\n                                \n                                    週六~週日 : 11:00~21:20','03-339-1717','/storage/sony/stores/6_8057069000_c00054431.jpg',1,1,NULL,NULL),(141,'Sony 行動通訊高雄大順專賣店','高雄市三民區大順二路278號','週一~週五 : 12:00~21:00\n                                \n                                    週六~週日 : 12:00~21:00','07-398-1808','/storage/sony/stores/17_8057068000_000105322.jpg',1,1,NULL,NULL),(142,'Sony Center 高雄夢時代(秀翔)','高雄市前鎮區中華五路789號(藍鯨館 1 樓)','電洽','07-970-1289','/storage/sony/stores/1596.jpg',1,1,NULL,NULL),(143,'Sony 行動通訊楠梓德賢專賣店','高雄市楠梓區德賢路388號','週一~週五 : 11:00~21:00\n                                \n                                    週六 : 11:00~21:00\n                                \n                                    週日 : 11:00~20:00','07-365-8995','/storage/sony/stores/16_8057063000_3000f5247.jpg',1,1,NULL,NULL),(144,'Sony 行動通訊土城中央專賣店','新北市土城區中央路一段56號','週一~週五 : 11:00~22:00\n                                \n                                    週六~週日 : 11:00~22:00','02-8261-8228','/storage/sony/stores/5_8057070000_300044322.jpg',1,1,NULL,NULL),(145,'Sony Center 板橋大遠百店(紳鑫)','新北市板橋區新站路28號7樓','週一~週五 : 11:00~22:00\n                                \n                                    週六 : 11:00~22:30\n                                \n                                    週日 : 10:30~22:00','02-8952-0025','/storage/sony/stores/1646.jpg',1,1,NULL,NULL),(146,'Sony 行動通訊遠百竹北專賣店','新竹縣竹北市莊敬北路18號5樓','週一~週五 : 11:00~22:00\n                                \n                                    週六~週日 : 11:00~22:00','03-550-8339','/storage/sony/stores/123_3068a5654.jpg',1,1,NULL,NULL),(147,'Sony 行動通訊嘉義民族專賣店','嘉義市東區民族路402-1號','週一~週五 : 11:00~21:00\n                                \n                                    週六 : 11:00~21:00','05-222-3000','/storage/sony/stores/14_8057077000_8000d5126.jpg',1,1,NULL,NULL),(148,'Sony 行動通訊彰化中正專賣店','彰化縣彰化市中正路一段540號','週一~週五 : 10:30~21:30\n                                \n                                    週六~週日 : 11:00~21:00','04-728-0155','/storage/sony/stores/12_8057074000_7000b4956.jpg',1,1,NULL,NULL),(149,'Sony Center 台中大遠百店(秀翔)','台中市西屯區台中港路二段105號9樓','週一~週五 : 11:00~22:00\n                                \n                                    週六~週日 : 10:30~22:00','04-2254-6010','/storage/sony/stores/1112.jpg',1,1,NULL,NULL),(150,'立欣電器 (本店)','桃園市平鎮區延平路一段151號','電洽','03-4912-372','/storage/sony/stores/立欣2_506ab0943.jpg',1,1,NULL,NULL),(151,'新智實業大同店','高雄市新興區大同一路 189 號 1 樓','電洽','07-2515-811','/storage/sony/stores/1612.jpg',1,1,NULL,NULL),(152,'Sony Center 新竹巨城店 (新各界)','新竹市東區中央路 229 號 1 樓','週日~週四 : 11:00~21:30\n                                \n                                    週五~週六 : 11:00~22:00','03-620-0558','/storage/sony/stores/1132.jpg',1,1,NULL,NULL),(153,'晟美實業好時機店','桃園市桃園區民生路19號1樓','電洽','03-331-6666','/storage/sony/stores/1538.jpg',1,1,NULL,NULL),(154,'紳鑫企業京站店','台北市大同區承德路1段1號3F','平日 : 11:00~21:30\n                                \n                                    例假日前一天 : 11:00~22:00\n                                \n                                    例假日 : 11:00~22:00','02-2552-2909','/storage/sony/stores/紳鑫京站門市照片_d1ce62953.jpg',1,1,NULL,NULL),(155,'聖安科技','台中市中區三民路二段 24 號','週一~週五 : 11:00~21:00\n                                \n                                    週六~週日 : 11:00~21:00','04-2227-0000','/storage/sony/stores/1731.jpg',1,1,NULL,NULL),(156,'晴光 嚴選攝影器材 專賣','台中市中區台灣大道一段348號','平日 : 11:00~21:00\n                                \n                                    週六~週日 : 11:00~21:00','04-2220-8777','/storage/sony/stores/1726.jpg',1,1,NULL,NULL),(157,'中部電器','台中市中區綠川西街 95 號 1 樓','電洽','04-2224-0048','/storage/sony/stores/1729.jpg',1,1,NULL,NULL),(158,'中部MyEar二店','台中市北區一中街239號2樓','電洽','04-2225-1600',NULL,1,1,NULL,NULL),(159,'普羅攝影器材行','台中市北區三民路三段 52-1 號 1 樓','電洽','04-2224-8856','/storage/sony/stores/1658.jpg',1,1,NULL,NULL),(160,'建欣電器','台中市西屯區大墩路 949 之 3 號','電洽','04-2320-7981','/storage/sony/stores/1670.jpg',1,1,NULL,NULL),(161,'聖邦','台中市西屯區文心路三段 104 號','週一~週五 : 08:30~17:30','04-2314-2000',NULL,1,1,NULL,NULL),(162,'集雅社新光三越台中','台中市西屯區台灣大道三段301號8樓','平日 : 11:00~21:30\n                                \n                                    例假日前一天 : 11:00~22:00\n                                \n                                    例假日 : 11:00~21:30','04-2255-9810',NULL,1,1,NULL,NULL),(163,'相機王台中(東明台中)','台中市西屯區惠中二街36號','電洽','04-2252-0773','/storage/sony/stores/1668.jpg',1,1,NULL,NULL),(164,'天韻','台中市西屯區朝馬路131號1樓','電洽','04-2255-6077','/storage/sony/stores/1737.jpg',1,1,NULL,NULL),(165,'中聯發','台中市西屯區環中路一段2085號','電洽','04-2436-6499','/storage/sony/stores/1664.jpg',1,1,NULL,NULL),(166,'Sony Center 台中三井 LaLaport (集雅社)','台中市東區進德路600號1F(北館)','週一~週五 : 11:00~22:00\n                                \n                                    週六~週日 : 10:30~22:00','04-3609-5338','/storage/sony/stores/SCTCL店照_3085a5619.jpg',1,1,NULL,NULL),(167,'大銀幕視聽音響','台中市南屯區大墩路307號','電洽','04-2473-5826',NULL,1,1,NULL,NULL),(168,'華笙','台中市南屯區溝墘里大墩十二街169號','電洽','04-2325-9518','/storage/sony/stores/1673.jpg',1,1,NULL,NULL),(169,'兆華國際','台北市士林區福國路69號1樓','電洽','02-2381-6982','/storage/sony/stores/S__84090884_272932843.jpg',1,1,NULL,NULL),(170,'日光徠卡','台北市大安區四維路21號1樓','電洽','02-2700-7779','/storage/sony/stores/1650.jpg',1,1,NULL,NULL),(171,'尹晨視聽 (DEMO)','台北市中正區中華路一段 45 號 1 樓','電洽','02-2311-3841','/storage/sony/stores/1471.jpg',1,1,NULL,NULL),(172,'紳鑫三創秋葉原','台北市中正區市民大道三段2號2樓 201室','週日~週四 : 11:00~21:30\n                                \n                                    週五~週六 : 11:00~22:00','02-2341-3068','/storage/sony/stores/1DSC_0580_5036b2848.JPG',1,1,NULL,NULL),(173,'曜德光華','台北市中正區市民大道三段8號2樓A29','電洽','02-2395-8081','/storage/sony/stores/1242.jpg',1,1,NULL,NULL),(174,'長勵實業','台北市中正區博愛路16號','電洽','02-2311-8331','/storage/sony/stores/1491.jpg',1,1,NULL,NULL),(175,'喬翊電器 (本店)','台北市中正區博愛路3號','電洽','02-2381-2626','/storage/sony/stores/1_f020b1547.jpg',1,1,NULL,NULL),(176,'永嘉','台北市中正區新生南路一段168號','電洽','02-2394-3933','/storage/sony/stores/1451.jpg',1,1,NULL,NULL),(177,'宇利攝影器材','台北市中正區漢口街一段 71號 1 樓','電洽','02-2331-5217','/storage/sony/stores/1641.jpg',1,1,NULL,NULL),(178,'新博視聽器材','台北市中正區漢口街一段104號1樓','電洽','02-2311-3051','/storage/sony/stores/1463.jpg',1,1,NULL,NULL),(179,'震博攝影器材','台北市中正區漢口街一段104號2樓','電洽','02-2311-0058','/storage/sony/stores/1467.jpg',1,1,NULL,NULL),(180,'祥建科技','台北市松山區民生東路五段 102 號','電洽','02-2768-5411','/storage/sony/stores/1526.jpg',1,1,NULL,NULL),(181,'弘明數位科技有限公司','台南市中西區民族路二段122號','電洽','06-2251-053','/storage/sony/stores/1584.jpg',1,1,NULL,NULL),(182,'全省電器 (本店)','台南市北區公園路 219 號','電洽','06-226-6121','/storage/sony/stores/1588.jpg',1,1,NULL,NULL),(183,'曜德中壢 NOVA 107','桃園市中壢區中正路 389 號 NOVA 107','電洽','03-4915-252','/storage/sony/stores/1546.jpg',1,1,NULL,NULL),(184,'麥仕視聽','桃園市蘆竹區南崁路一段236號','電洽','03-222-8833','/storage/sony/stores/麥仕 門面_f03260054.jpg',1,1,NULL,NULL),(185,'視冠遠通','高雄市三民區建國二路 175 號','電洽','07-235-2866','/storage/sony/stores/1604.jpg',1,1,NULL,NULL),(186,'秀翔實業 (本店)','高雄市苓雅區三多二路 21 號','電洽','07-725-6606','/storage/sony/stores/1592.jpg',1,1,NULL,NULL),(187,'明功照相器材行','高雄市新興區中山一路74號','電洽','07-2618-662','/storage/sony/stores/1600.jpg',1,1,NULL,NULL),(188,'富士通影音','新北市板橋區四川路一段93號 1 樓','電洽','02-2950-9666','/storage/sony/stores/富士通 (1)_c247b1602.jpg',1,1,NULL,NULL),(189,'蘆荻電器','新北市蘆洲區中山二路 173 號 1 樓','電洽','02-2283-3227','/storage/sony/stores/1522.jpg',1,1,NULL,NULL),(190,'上位電器','嘉義市西區仁愛路 334 號','電洽','05-2245-192','/storage/sony/stores/1704.jpg',1,1,NULL,NULL),(191,'醉音影音生活企業','嘉義市東區東區彌陀路 373 號 1 樓','電洽','05-2236-522','/storage/sony/stores/1718.jpg',1,1,NULL,NULL),(192,'Sony Store 遠百信義直營店','台北市信義區松仁路 58 號 8F(遠東百貨信義店 - A13)','週日~週四 : 11:00~21:30\n                                \n                                    週五~週六 : 11:00~22:00\n                                \n                                    例假日前一天 : 11:00~22:00','02-8780-1718 (營業時間如有變動，請依百貨公告時間為準)','/storage/sony/stores/1755.jpg',1,0,NULL,NULL),(193,'Sony Store 台北復興直營店','台北市大安區忠孝東路三段 300 號 8F(遠東 SOGO 百貨復興館)','週日~週四 : 11:00~21:30\n                                \n                                    週五~週六 : 11:00~22:00\n                                \n                                    例假日 : 11:00~22:00','02-8772-6501 (營業時間如有變動，請依百貨公告時間為準)','/storage/sony/stores/SSTF_6062b1448.jpg',1,0,NULL,NULL),(194,'Sony Store 台北 101 直營店','台北市信義區市府路 45 號 B1(台北 101 購物中心)','週日~週四 : 11:00~21:30\n                                \n                                    週五~週六 : 11:00~22:00\n                                \n                                    例假日前一天 : 11:00~22:00','02-8101-7833 (營業時間如有變動，請依百貨公告時間為準)','/storage/sony/stores/SST101_22_c40a82204.jpg',1,0,NULL,NULL),(195,'Sony Store 台中直營店','台中市西屯區臺灣大道三段 301 號 9F(新光三越百貨台中中港店)','平日 : 11:00~22:00\n                                \n                                    例假日 : 10:30~22:00','04-2254-1619 (營業時間如有變動，請依百貨公告時間為準)','/storage/sony/stores/SSTC_a062d1524.jpg',1,0,NULL,NULL),(196,'Sony Store 高雄直營店','高雄市左營區博愛二路 777 號(漢神巨蛋購物廣場 B1)','週日~週四 : 11:00~22:00\n                                \n                                    週五~週六 : 11:00~22:30\n                                \n                                    例假日 : 11:00~22:30','07-554-8225 (營業時間如有變動，請依百貨公告時間為準)','/storage/sony/stores/SSKS_22_040d85115.jpg',1,0,NULL,NULL),(219,'大牛節能電器行','台中市大里區新光路6號1樓','','04-2483-6018',NULL,1,2,NULL,NULL),(220,'聖佳照相器材行','台中市中區三民路二段 90 號 1 樓','','04-2222-4600',NULL,1,2,NULL,NULL),(221,'聖影','台中市中區大墩里三民路二段31號','週一~週五 : 10:00~20:00\n                                        \n                                            週六 : 10:00~20:00','04-2222-4600',NULL,1,2,NULL,NULL),(222,'柯達行','台中市中區台灣大道一段310號','','04-2221-4813',NULL,1,2,NULL,NULL),(223,'銘錩科技','台中市中區成功路243號1樓','','04-2220-1076',NULL,1,2,NULL,NULL),(224,'中部Myear雙十店','台中市中區雙十路二段47-4號','','04-2229-9077',NULL,1,2,NULL,NULL),(225,'正昌電器','台中市太平區太平路 575 號','','04-2279-4979',NULL,1,2,NULL,NULL),(226,'鼎采器貿','台中市太平區台中市太平區新光里新福十街16之1號1樓','','04-2225-1660',NULL,1,2,NULL,NULL),(227,'禾聲電器','台中市北屯區北屯路178之4號','週一~週五 : 09:00~21:00\n                                        \n                                            週六 : 09:00~21:00','04-2236-5115',NULL,1,2,NULL,NULL),(228,'威特家電','台中市北屯區后庄里松竹路三段710號','週一~週五 : 09:00~22:00','04-22472569',NULL,1,2,NULL,NULL),(229,'名森電器行','台中市北屯區昌平路一段 109-2 號','','04-2244-1749',NULL,1,2,NULL,NULL),(230,'禾承電業','台中市北屯區昌平路一段 260 號','','04-2231-5111',NULL,1,2,NULL,NULL),(231,'映象國際企業中友店','台中市北區三民路三段161 號A棟10樓','平日 : 11:00~22:00\n                                        \n                                            例假日前一天 : 11:00~22:00\n                                        \n                                            例假日 : 10:30~22:00','04-2225-1887',NULL,1,2,NULL,NULL),(232,'集盛台中中清','台中市北區邱厝里中清路一段123號','','04-3609-9268',NULL,1,2,NULL,NULL),(233,'科元電業','台中市西屯區大鵬路 17 號','','04-2291-4867',NULL,1,2,NULL,NULL),(234,'愛樂台中','台中市西屯區市政路676號1F','','04-2251-3388',NULL,1,2,NULL,NULL),(235,'大鑫電器','台中市西屯區西屯路二段 28 號','','04-2312-7723',NULL,1,2,NULL,NULL),(236,'豪順','台中市西屯區朝貴路108號','','04-2254-5591',NULL,1,2,NULL,NULL),(237,'國際極品','台中市西屯區福和里福安二街3巷65號','','04-722-9876',NULL,1,2,NULL,NULL),(238,'豪順市政','台中市西屯區環中路三段868號','週一~週五 : 11:00~21:00\n                                        \n                                            週六~週日 : 11:00~21:00','04-2452-8114',NULL,1,2,NULL,NULL),(239,'店家名稱','無資訊','無資訊','無資訊',NULL,1,2,NULL,NULL),(240,'集雅社台中廣三 SOGO','台中市西區台灣大道二段459號10樓','平日 : 11:00~22:00\n                                        \n                                            例假日前一天 : 10:30~22:30\n                                        \n                                            例假日 : 10:30~22:00','04-3609-3118',NULL,1,2,NULL,NULL),(241,'福昱電器','台中市西區向上路一段 365 號 1 樓','','04-2473-9299',NULL,1,2,NULL,NULL),(242,'欣亞數位台中 NOVA 店','台中市西區英才路508號1樓119櫃位','平日 : 11:00~22:00\n                                        \n                                            例假日前一天 : 11:00~22:00\n                                        \n                                            例假日 : 11:00~22:00','04-2329-0080',NULL,1,2,NULL,NULL),(243,'曜德台中NOVA B08','台中市西區英才路508號B1樓08櫃','','04-2329-3656',NULL,1,2,NULL,NULL),(244,'集雅社台中綠園道','台中市西區健行路1049號B1','','04-360-93938',NULL,1,2,NULL,NULL),(245,'穎聲','台中市東區大智路 448 號 1 樓','','04-2281-0051',NULL,1,2,NULL,NULL),(246,'佳績','台中市東區台中路93號1樓','週一~週五 : 09:00~20:30\n                                        \n                                            週六 : 09:00~20:30','04-2229-2998',NULL,1,2,NULL,NULL),(247,'飛登台中大魯閣','台中市東區新庄里復興路四段186號地下2樓B2-6櫃','週一~週五 : 11:00~22:00\n                                        \n                                            週六~週日 : 10:30~22:00','04-2222-9989',NULL,1,2,NULL,NULL),(248,'恆伸照相器材','台中市南屯區大墩六街 133 號','','04-2472-7278',NULL,1,2,NULL,NULL),(249,'記峰','台中市南屯區大興里東興路二段3巷38號1樓','','04-24717311',NULL,1,2,NULL,NULL),(250,'中野科技','台中市南屯區文心南三路677號','','04-2382-3332',NULL,1,2,NULL,NULL),(251,'鴻毅','台中市南屯區南屯路二段345號一樓','','04-2475-6188',NULL,1,2,NULL,NULL),(252,'正宜','台中市南區五權南路277號一樓1室','','04-2261-9497',NULL,1,2,NULL,NULL),(253,'欣音電器行','台中市南區台中路 188 號 1 樓','','04-2282-4575',NULL,1,2,NULL,NULL),(254,'啟新家電商品','台中市神岡區中山路 21 號','','04-2522-4582',NULL,1,2,NULL,NULL),(255,'益源電氣行','台中市梧棲區中興路 455 號','','04-2656-3522',NULL,1,2,NULL,NULL),(256,'集雅社台中三井','台中市梧棲區臺灣大道10段168號1樓','','04-3609-3808',NULL,1,2,NULL,NULL),(257,'太子電業行','台中市清水區中華路 408 之 5 號','','04-2623-3973',NULL,1,2,NULL,NULL),(258,'庫克利','台中市潭子區潭東街216號1樓','','04-2238-9596',NULL,1,2,NULL,NULL),(259,'明嘉電器','台中市豐原區三民路 176 號','','04-2527-1603',NULL,1,2,NULL,NULL),(260,'店家名稱','無資訊','無資訊','無資訊',NULL,1,2,NULL,NULL),(261,'三豐電器行','台中市豐原區三豐路二段３號1樓','','04-2523-2306',NULL,1,2,NULL,NULL),(262,'鈺陞惠陽','台中市豐原區中陽里惠陽街91號','週一~週五 : 09:30~18:00','04-2529-7497',NULL,1,2,NULL,NULL),(263,'永寶電器','台中市豐原區南陽路258號1樓','','04-2522-4310',NULL,1,2,NULL,NULL),(264,'集雅社豐原太平洋','台中市豐原區復興路2號7樓','','04-3609-3818',NULL,1,2,NULL,NULL),(265,'正貿行','台中市豐原區陽明里信義街 39 號','','04-2526-2229',NULL,1,2,NULL,NULL),(266,'釪環數位','台中市霧峰區中投西路二段442號','','04-2330-1990',NULL,1,2,NULL,NULL),(267,'旦揚','台中市霧峰區吉峰路 38 號','','04-2332-3395',NULL,1,2,NULL,NULL),(268,'昇記影音電器','台北市士林區中山北路六段 174 之 1 號 1 樓','','02-2836-6218',NULL,1,2,NULL,NULL),(269,'紳鑫企業遠東SOGO百貨天母館','台北市士林區中山北路六段 77 號 6F','平日 : 11:00~21:30\n                                        \n                                            例假日前一天 : 11:00~22:00\n                                        \n                                            例假日 : 11:00~21:30','02-2835-9880',NULL,1,2,NULL,NULL),(270,'集雅社新光三越天母','台北市士林區天母東路68號4樓','','02-6613-0335',NULL,1,2,NULL,NULL),(271,'錩偉電器','台北市士林區文林路 491 號','','02-2835-5585',NULL,1,2,NULL,NULL),(272,'海山商行','台北市士林區延平北路五段136巷27弄4號','','02-2811-3641',NULL,1,2,NULL,NULL),(273,'品銓電器','台北市士林區忠誠路二段 2 號','','02-2831-9494',NULL,1,2,NULL,NULL),(274,'集雅社大葉高島屋','台北市士林區忠誠路二段55號12樓','平日 : 11:00~21:30\n                                        \n                                            例假日前一天 : 11:00~22:00','02-6617-6088',NULL,1,2,NULL,NULL),(275,'上億立','台北市士林區福港街 129 巷 10 弄 16 號','週一~週四 : 07:00~21:00','02-2883-7777',NULL,1,2,NULL,NULL),(276,'新遠東','台北市士林區福港街118號','週一~週五 : 08:30~19:00\n                                        \n                                            週六 : 08:30~15:00','02-2810-6500',NULL,1,2,NULL,NULL),(277,'壯盛企業','台北市士林區德行東路 12 號','','02-2832-6060',NULL,1,2,NULL,NULL),(278,'承德音響','台北市大同區承德路三段 88 號 1 樓','平日 : 10:00~20:00\n                                        \n                                            週六 : 10:00~18:00','02-2592-1615',NULL,1,2,NULL,NULL),(279,'展新音響','台北市大同區歸綏街132之2號1樓','','02-2549-2496',NULL,1,2,NULL,NULL),(280,'相機王忠孝(東明忠孝)','台北市大安區仁愛路四段27巷22號','','02-2721-6555',NULL,1,2,NULL,NULL),(281,'店家名稱','無資訊','無資訊','無資訊',NULL,1,2,NULL,NULL),(282,'鼎采器貿','台北市大安區市民大道3段8號4樓6室','','02-2351-0015',NULL,1,2,NULL,NULL),(283,'飛登科技台北光華一店','台北市大安區市民大道三段 8 號 4 樓 8 室','','02-2382-2779',NULL,1,2,NULL,NULL),(284,'京東忠孝','台北市大安區忠孝東路三段253號1F','','02-2776-6388',NULL,1,2,NULL,NULL),(285,'紳鑫企業遠東SOGO百貨忠孝館','台北市大安區忠孝東路四段 45 號 8 樓','平日 : 11:00~21:30\n                                        \n                                            例假日前一天 : 11:00~22:00\n                                        \n                                            例假日 : 11:00~21:30','02-2751-7278',NULL,1,2,NULL,NULL),(286,'京東信義','台北市大安區信義路2段247號1F','','02-2341-3266',NULL,1,2,NULL,NULL),(287,'答答企業','台北市大安區復興南路一段 295 巷 1 號 1','','02-2706-3878',NULL,1,2,NULL,NULL),(288,'全英','台北市大安區復興南路一段283號B1','','02-2706-4828',NULL,1,2,NULL,NULL),(289,'三禾影電器視聽','台北市大安區復興南路二段 343 號 1 樓','','02-2735-5866',NULL,1,2,NULL,NULL),(290,'集雅社台北遠企','台北市大安區敦化南路二段203號5樓','週日~週四 : 11:00~21:30\n                                        \n                                            週五~週六 : 11:00~22:00','02-66176658',NULL,1,2,NULL,NULL),(291,'統元','台北市大安區樂利路18號1樓','','02-2704-4546',NULL,1,2,NULL,NULL),(292,'佳麗寶八德店','台北市中山區八德路二段184號','','02-8772-7118',NULL,1,2,NULL,NULL),(293,'瑞松電器','台北市中山區民生西路 48 號','','02-2542-1677',NULL,1,2,NULL,NULL),(294,'集雅社新光三越南西店','台北市中山區南京西路 12 號 7 樓','平日 : 11:00~22:00\n                                        \n                                            例假日前一天 : 10:30~22:30\n                                        \n                                            例假日 : 10:30~22:00','02-2581-3653',NULL,1,2,NULL,NULL),(295,'沛聲誠品南西','台北市中山區南京西路14號5樓','週日~週四 : 11:00~22:00\n                                        \n                                            週五~週六 : 11:00~22:30','02-2581-3358#1511',NULL,1,2,NULL,NULL),(296,'相機王大直(東明大直)','台北市中山區敬業二路86號1F','週一~週五 : 13:00~22:00\n                                        \n                                            週六~週日 : 13:00~22:00','02-2880-2887',NULL,1,2,NULL,NULL),(297,'紳鑫企業美麗華店','台北市中山區敬業三路 20 號 3 樓','平日 : 11:00~22:00\n                                        \n                                            例假日前一天 : 11:00~22:00\n                                        \n                                            例假日 : 11:00~22:00','02-2175-3001',NULL,1,2,NULL,NULL),(298,'欣亞台北八德數位旗艦店','台北市中正區八德路一段76號','','02-2341-6303',NULL,1,2,NULL,NULL),(299,'映象音響','台北市中正區中華路一段25號1樓','','02-2314-1696',NULL,1,2,NULL,NULL),(300,'凡順三創','台北市中正區市民大道三段2號5樓R517-2櫃','','02-3322-1449',NULL,1,2,NULL,NULL),(301,'生達電業','台北市中正區吉林路370號','','02-2591-6699',NULL,1,2,NULL,NULL),(302,'店家名稱','無資訊','無資訊','無資訊',NULL,1,2,NULL,NULL),(303,'東暉國際','台北市中正區和平西路二段 142之1號','','02-2338-0269',NULL,1,2,NULL,NULL),(304,'凡順','台北市中正區延平南路17號2樓','','02-2388-2028',NULL,1,2,NULL,NULL),(305,'集雅社台北新光三越站前','台北市中正區忠孝西路一段 66 號 10 樓','平日 : 11:00~22:00\n                                        \n                                            例假日前一天 : 11:00~22:30\n                                        \n                                            例假日 : 10:30~22:00','02-2370-5338',NULL,1,2,NULL,NULL),(306,'愛樂','台北市中正區金山南路一段155號B1','','02-2321-2138',NULL,1,2,NULL,NULL),(307,'音悅音響','台北市中正區重慶南路2段59號','','02-2392-8832',NULL,1,2,NULL,NULL),(308,'科紀視聽器材','台北市中正區博愛路 5 號','','02-2381-0992',NULL,1,2,NULL,NULL),(309,'林屋照相器材','台北市中正區博愛路 60 號','','02-2381-4575',NULL,1,2,NULL,NULL),(310,'泰光視聽器材 (本店)','台北市中正區開封街一段 62 號','','02-2312-2628',NULL,1,2,NULL,NULL),(311,'勝眾','台北市中正區開封街一段101號','','02-2361-5372',NULL,1,2,NULL,NULL),(312,'北門音響','台北市中正區開封街一段99號','','02-2314-3255',NULL,1,2,NULL,NULL),(313,'正陽照相器材','台北市中正區漢口街一段92號','','02-2381-4769',NULL,1,2,NULL,NULL),(314,'加煒電子','台北市中正區羅斯福路4段134號三樓','','02-2365-1207',NULL,1,2,NULL,NULL),(315,'紳鑫企業遠東寶慶店','台北市中正區寶慶路 32 號 8 樓','平日 : 11:00~22:00\n                                        \n                                            例假日前一天 : 11:00~22:30\n                                        \n                                            例假日 : 10:30~22:00','02-2382-2807',NULL,1,2,NULL,NULL),(316,'強聲音響','台北市內湖區成功路三段 89 號','','02-2790-1199',NULL,1,2,NULL,NULL),(317,'新各界','台北市內湖區行愛路 172 號 1 樓','','02-2793-3939',NULL,1,2,NULL,NULL),(318,'皇儒貴','台北市內湖區康樂街 72 巷 17弄 16 號','','02-2631-6068',NULL,1,2,NULL,NULL),(319,'雅光','台北市內湖區堤頂大道一段 215 號','','02-2796-5858',NULL,1,2,NULL,NULL),(320,'金門電器音響有限公司','台北市內湖區新湖二路19號5樓','週一~週五 : 10:00~19:30\n                                        \n                                            週六 : 10:00~19:30','02-8792-8100',NULL,1,2,NULL,NULL),(321,'佳麗寶景美店','台北市文山區興隆路一段128號1樓','','02-2363-6097',NULL,1,2,NULL,NULL),(322,'盈成興業有限公司','台北市文山區羅斯福路五段 258 號 1 樓','','02-2934-5111',NULL,1,2,NULL,NULL),(323,'店家名稱','無資訊','無資訊','無資訊',NULL,1,2,NULL,NULL),(324,'尚德師企業','台北市北投區尊賢里石牌路一段39巷79號1樓','','02-2823-5176',NULL,1,2,NULL,NULL),(325,'日月音響','台北市松山區八德路二段 366 巷 55弄 1 號','','02-2771-0912',NULL,1,2,NULL,NULL),(326,'大祥電器','台北市松山區八德路三段 160 號 1 樓','','02-2578-7788',NULL,1,2,NULL,NULL),(327,'集雅社微風廣場','台北市松山區中崙里復興南路一段39號2樓','例假日前一天 : 11:00~22:00\n                                        \n                                            週日～週三 : 11:00~21:30\n                                        \n                                            週四～週六 : 11:00~22:00','0905-591-355',NULL,1,2,NULL,NULL),(328,'乙鑫電器音響','台北市松山區長春路 496 號 1 樓','','02-2712-7383',NULL,1,2,NULL,NULL),(329,'沛聲','台北市松山區南京東路四段102號8樓','','02-2578-1780',NULL,1,2,NULL,NULL),(330,'信瑋電器','台北市信義區永吉路 278 巷 34 號','','02-2765-6158',NULL,1,2,NULL,NULL),(331,'紳鑫企業 (本店)','台北市信義區和平東路三段 425 號 1 樓','','02-2739-2915',NULL,1,2,NULL,NULL),(332,'紳鑫企業統一時代','台北市信義區忠孝東路5段8號6樓','週日~週四 : 11:00~21:30\n                                        \n                                            週五~週六 : 11:00~22:00\n                                        \n                                            例假日前一天 : 11:00~22:00','02-2723-3522',NULL,1,2,NULL,NULL),(333,'沛聲誠品信義','台北市信義區松高路11號2樓','','02-8789-3388 # 3124',NULL,1,2,NULL,NULL),(334,'集雅社新光三越 A8 館','台北市信義區松高路12號7樓','平日 : 11:00~21:30\n                                        \n                                            例假日前一天 : 11:00~22:00\n                                        \n                                            例假日 : 11:00~21:30','02-2729-5858',NULL,1,2,NULL,NULL),(335,'集雅社新光三越信義 A9','台北市信義區松壽路 9 號 B2','平日 : 11:00~21:30\n                                        \n                                            例假日前一天 : 11:00~22:00\n                                        \n                                            例假日 : 11:00~21:30','02-2758-8838',NULL,1,2,NULL,NULL),(336,'展督','台北市南港區忠孝東路七段616號','','02-2788-0596',NULL,1,2,NULL,NULL),(337,'百裕電業','台北市南港區忠孝東路六段 384 號 1 樓','','02-2652-1066',NULL,1,2,NULL,NULL),(338,'富士多媒體','台北市萬華區中華路一段14號','週一~週五 : 09:00~18:30\n                                        \n                                            週六 : 11:00~18:00','02-2370-8989',NULL,1,2,NULL,NULL),(339,'泰宜電器','台北市萬華區台北市萬華區寶興街80巷20號一樓','','02-2307-5155',NULL,1,2,NULL,NULL),(340,'金響','台北市萬華區漢口街二段 41-2 號 1 樓','','02-2382-5522',NULL,1,2,NULL,NULL),(341,'晟歌電器','台東縣台東市大同路 206 號','','089-329-375',NULL,1,2,NULL,NULL),(342,'集雅社新光三越中山店','台南市中西區中山路 162 號 9 樓','平日 : 11:00~22:00\n                                        \n                                            例假日前一天 : 10:30~22:00\n                                        \n                                            例假日 : 10:30~22:00','06-228-5151',NULL,1,2,NULL,NULL),(343,'全省湖美店','台南市中西區中華西路二段769號','','06-350-4790',NULL,1,2,NULL,NULL),(344,'店家名稱','無資訊','無資訊','無資訊',NULL,1,2,NULL,NULL),(345,'大元台南','台南市中西區民族路2段34號','','06-228-3161',NULL,1,2,NULL,NULL),(346,'集雅社台南永華','台南市中西區永華路一段303號','','06-602-0168',NULL,1,2,NULL,NULL),(347,'集雅社新光三越西門','台南市中西區西門路一段 658 號 B1','平日 : 11:00~22:00\n                                        \n                                            例假日前一天 : 10:30~22:00\n                                        \n                                            例假日 : 10:30~22:00','06-3030-099',NULL,1,2,NULL,NULL),(348,'東旺電器','台南市仁德區中正路2段1197號','','06-2793-371',NULL,1,2,NULL,NULL),(349,'百鈴電器影視','台南市六甲區珊瑚路 57 號','','06-6984-141',NULL,1,2,NULL,NULL),(350,'曜德台南彩虹','台南市北區北門路一段250號A04櫃','','06-222-8935',NULL,1,2,NULL,NULL),(351,'品味','台南市北區東豐路335號1樓','','06-2088-458',NULL,1,2,NULL,NULL),(352,'志偉電器行','台南市永康區中山南路 101 號','','06-2326-583',NULL,1,2,NULL,NULL),(353,'大時代量販家電','台南市佳里區中山路 376 號','','06-7210-869',NULL,1,2,NULL,NULL),(354,'采躍科技','台南市東區北門路一段80號','','06-223-9988',NULL,1,2,NULL,NULL),(355,'鴻運','台南市東區台南市東區崇學路259之5號','','06-289-4551',NULL,1,2,NULL,NULL),(356,'集雅社台南遠東百貨','台南市東區前鋒路 210 號 6 樓','平日 : 11:00~22:00\n                                        \n                                            例假日前一天 : 11:00~22:30\n                                        \n                                            例假日 : 10:30~22:00','06-2756-313',NULL,1,2,NULL,NULL),(357,'亞賓數位家電','台南市東區崇道路 47 號','','06-2902-928',NULL,1,2,NULL,NULL),(358,'集盛台南健康','台南市南區大成里健康路一段387號','','06-602-5268',NULL,1,2,NULL,NULL),(359,'集雅社南紡夢時代','台南市南區中華東路一段366號B1','週一~週五 : 11:00~22:00\n                                        \n                                            週六~週日 : 11:00~22:00','06-2095121',NULL,1,2,NULL,NULL),(360,'正聲電機','台南市南區永華路 21 號','','06-2217-878',NULL,1,2,NULL,NULL),(361,'政鑫電器行','台南市南區明興路 1265 號','','06-2621-246',NULL,1,2,NULL,NULL),(362,'鎮億電器','台南市南區健康路二段 134 號','','06-2284-977',NULL,1,2,NULL,NULL),(363,'麗聲電業行','台南市南區灣裡路 257 號','','06-2626-558',NULL,1,2,NULL,NULL),(364,'銘億電器','台南市新化區大同街 103 號',NULL,'06-5907-178',NULL,1,2,NULL,'2025-01-02 07:18:37'),(380,'eee','金門',NULL,'0000',NULL,0,0,'2025-01-02 20:22:24','2025-01-02 20:24:59'),(381,'xxcv','法國',NULL,'null',NULL,0,1,'2025-01-02 20:25:22','2025-01-02 20:25:52'),(382,'Test門市','heyyy',NULL,'null','/storage/sony/stores/1735890690_9a2b293480d6a226af26e2789b741b39.jpg',0,1,'2025-01-02 22:29:55','2025-01-02 23:51:30');
/*!40000 ALTER TABLE `stores` ENABLE KEYS */;
UNLOCK TABLES;

--
-- Table structure for table `subcategories`
--

DROP TABLE IF EXISTS `subcategories`;
/*!40101 SET @saved_cs_client     = @@character_set_client */;
/*!50503 SET character_set_client = utf8mb4 */;
CREATE TABLE `subcategories` (
  `id` bigint unsigned NOT NULL AUTO_INCREMENT,
  `name` varchar(255) COLLATE utf8mb4_unicode_ci NOT NULL,
  `search_key` varchar(255) COLLATE utf8mb4_unicode_ci NOT NULL,
  `order_index` int unsigned NOT NULL,
  `show_in_list` tinyint(1) NOT NULL,
  `category_id` bigint unsigned NOT NULL,
  `created_at` timestamp NULL DEFAULT NULL,
  `updated_at` timestamp NULL DEFAULT NULL,
  PRIMARY KEY (`id`),
  UNIQUE KEY `subcategories_category_id_order_index_unique` (`category_id`,`order_index`)
) ENGINE=InnoDB AUTO_INCREMENT=45 DEFAULT CHARSET=utf8mb4 COLLATE=utf8mb4_unicode_ci;
/*!40101 SET character_set_client = @saved_cs_client */;

--
-- Dumping data for table `subcategories`
--

LOCK TABLES `subcategories` WRITE;
/*!40000 ALTER TABLE `subcategories` DISABLE KEYS */;
INSERT INTO `subcategories` VALUES (2,'數位單眼相機a','ilc',1,1,7,'2024-10-01 06:16:37','2025-03-04 00:44:46'),(3,'專屬鏡頭','ilclens',2,1,7,'2024-10-03 01:26:33','2025-03-04 00:44:47'),(5,'手提音響','portable_Audio',3,1,9,'2024-12-03 00:32:06','2025-06-30 00:19:33'),(9,'藍牙喇叭','blue_tooth',1,1,9,'2024-12-03 01:54:28','2025-06-30 00:18:17'),(12,'專屬配件','ilc-acc',3,1,7,NULL,'2025-03-04 00:44:47'),(24,'1000X 系列','1000X',1,1,8,'2025-01-10 04:39:00','2025-06-30 01:45:26'),(40,'家用音響','Home_Audio',2,1,9,'2025-01-15 02:06:08','2025-06-30 00:18:51'),(41,'ZV數位相機','zvcam',4,1,7,'2025-01-15 02:06:22','2025-03-04 00:45:17'),(43,'隨身型數位相機','compact-cameras',5,1,7,'2025-02-01 05:23:04','2025-03-04 00:45:33'),(44,'無線','wireless',2,1,8,'2025-06-29 23:44:11','2025-06-29 23:44:11');
/*!40000 ALTER TABLE `subcategories` ENABLE KEYS */;
UNLOCK TABLES;

--
-- Table structure for table `users`
--

DROP TABLE IF EXISTS `users`;
/*!40101 SET @saved_cs_client     = @@character_set_client */;
/*!50503 SET character_set_client = utf8mb4 */;
CREATE TABLE `users` (
  `id` bigint unsigned NOT NULL AUTO_INCREMENT,
  `name` varchar(255) COLLATE utf8mb4_unicode_ci NOT NULL,
  `email` varchar(255) COLLATE utf8mb4_unicode_ci NOT NULL,
  `email_verified_at` timestamp NULL DEFAULT NULL,
  `password` varchar(255) COLLATE utf8mb4_unicode_ci NOT NULL,
  `is_admin` tinyint(1) NOT NULL DEFAULT '0',
  `remember_token` varchar(100) COLLATE utf8mb4_unicode_ci DEFAULT NULL,
  `created_at` timestamp NULL DEFAULT NULL,
  `updated_at` timestamp NULL DEFAULT NULL,
  `address` varchar(255) COLLATE utf8mb4_unicode_ci DEFAULT NULL,
  `phone` varchar(255) COLLATE utf8mb4_unicode_ci DEFAULT NULL,
  `is_phone_verified` tinyint(1) NOT NULL DEFAULT '0',
  `phone_verified_at` timestamp NULL DEFAULT NULL,
  `provider` varchar(255) COLLATE utf8mb4_unicode_ci DEFAULT NULL,
  `provider_id` varchar(255) COLLATE utf8mb4_unicode_ci DEFAULT NULL,
  `avatar` text COLLATE utf8mb4_unicode_ci,
  PRIMARY KEY (`id`),
  UNIQUE KEY `users_email_unique` (`email`),
  UNIQUE KEY `users_phone_unique` (`phone`)
) ENGINE=InnoDB AUTO_INCREMENT=26 DEFAULT CHARSET=utf8mb4 COLLATE=utf8mb4_unicode_ci;
/*!40101 SET character_set_client = @saved_cs_client */;

--
-- Dumping data for table `users`
--

LOCK TABLES `users` WRITE;
/*!40000 ALTER TABLE `users` DISABLE KEYS */;
INSERT INTO `users` VALUES (1,'陳東西','test@gmail.com',NULL,'$2y$12$/8BIcIdr.wVaftoSVVnWdenXEQk7G2Hdfq27c4.h2jfHupX6/oiNK',1,'lwBPnfZZkah2TVdQfVUgbY68pmdwxHJ8QbwrDhaHnambRfhOTzdp5voEgewr',NULL,'2024-10-31 23:33:52','我的地址是全家就是你家','(+886)916439268',0,NULL,NULL,NULL,NULL),(8,'任時完','ten.1026@yahoo.com',NULL,'$2y$12$jLxB929pna9jcGO00RNAseezaSww53kU481uev6YW9MXFo52dH9TG',0,NULL,'2025-05-28 02:53:51','2025-05-28 04:19:21',NULL,'0',0,NULL,'facebook','3274639139350688','https://graph.facebook.com/v3.3/3274639139350688/picture'),(11,'小美','xaiomei@gmail.com',NULL,'$2y$12$rWl2DhfWnzFA6fFv0i1HyuAKMCkwNALOhYoj18YHS7At2t3Xw5BdW',0,NULL,'2025-06-04 01:30:11','2025-06-04 01:30:11',NULL,'1',0,NULL,NULL,NULL,NULL),(13,'sadf','sdf@gmail.com',NULL,'$2y$12$R6bCZkh40X06JQNXNLw8NO2SIvgWqu/9J4Om8UhQ/gFPN1gbgjUaG',0,NULL,'2025-06-04 01:33:32','2025-06-04 01:33:32',NULL,'2',0,NULL,NULL,NULL,NULL),(20,'aaa','a5432158086@gmail.com',NULL,'$2y$12$xl8HaTqGC5eAsf2P7HKzHOR.M6YsRP3j1QH8Vgo8GBEeBUTXfa0lO',0,NULL,'2025-06-04 02:40:26','2025-06-04 02:40:26',NULL,'3',0,NULL,NULL,NULL,NULL),(22,'aa','aa@gmail.com',NULL,'$2y$12$0AMnzA.BDzwWnWOrIqMAUOPMYFH3EMLRxlDMme3V55QN/iDOKBuLO',0,NULL,'2025-06-10 01:21:40','2025-06-10 01:21:40',NULL,'0912243213',0,NULL,NULL,NULL,NULL),(25,'xx','xx@gmail.com',NULL,'$2y$12$d9JUk/iZG8c6K6KJsEF1e.8/ZB8HvWnXGSZaV02U/cERUc/NItn5y',0,NULL,'2025-06-12 00:53:47','2025-06-12 00:53:47','要記得有地址喔','0916439268',0,NULL,NULL,NULL,NULL);
/*!40000 ALTER TABLE `users` ENABLE KEYS */;
UNLOCK TABLES;
/*!40103 SET TIME_ZONE=@OLD_TIME_ZONE */;

/*!40101 SET SQL_MODE=@OLD_SQL_MODE */;
/*!40014 SET FOREIGN_KEY_CHECKS=@OLD_FOREIGN_KEY_CHECKS */;
/*!40014 SET UNIQUE_CHECKS=@OLD_UNIQUE_CHECKS */;
/*!40101 SET CHARACTER_SET_CLIENT=@OLD_CHARACTER_SET_CLIENT */;
/*!40101 SET CHARACTER_SET_RESULTS=@OLD_CHARACTER_SET_RESULTS */;
/*!40101 SET COLLATION_CONNECTION=@OLD_COLLATION_CONNECTION */;
/*!40111 SET SQL_NOTES=@OLD_SQL_NOTES */;

-- Dump completed on 2025-06-30 21:42:42
